userName,text,date,Complaint_tokenized_text
ngui_sintan,timnas kali ini semua cogan semua ya,2024/04/29 10:16:56,"[['timnas', 'kali', 'ini', 'semua', 'cogan', 'semua', 'ya']]"
agustiyaindahsariputri,timnas indonesia u19 vs pra pon,2024/04/29 12:28:06,"[['timnas', 'indonesia', 'u19', 'vs', 'pra', 'pon']]"
dslsyabildumps_,uhuyyyy,2024/04/29 14:36:48,[['uhuyyyy']]
rohadiiiiiii,final waalykumsalam,2024/04/29 14:57:33,"[['final', 'waalykumsalam']]"
ayunabilaaaaa,beyond proud,2024/04/29 16:31:02,"[['beyond', 'proud']]"
rezha_halo,bismillah,2024/04/29 17:34:24,[['bismillah']]
iqbal_fadilah30,gas indonesia,2024/04/29 17:39:28,"[['gas', 'indonesia']]"
aris_rifai30,bismillah menang,2024/04/29 19:02:15,"[['bismillah', 'menang']]"
nesyaamaliaaaa,bismillah belum mulaiii tapi udah dek dekan,2024/04/29 19:32:33,"[['bismillah', 'belum', 'mulaiii', 'tapi', 'udah', 'dek', 'dekan']]"
mifth_dn99,pssi minta sosmed wasitnya dong min kek nya mau diruqiiah ni wasit,2024/04/29 22:25:58,"[['pssi', 'minta', 'sosmed', 'wasitnya', 'dong', 'min', 'kek', 'nya', 'mau', 'diruqiiah', 'ni', 'wasit']]"
a_awan1226,bismillah assalamualaikum team garuda indonesia 23 info kalau menang,2024/04/29 22:32:49,"[['bismillah', 'assalamualaikum', 'team', 'garuda', 'indonesia', '23', 'info', 'kalau', 'menang']]"
a_awan1226,ijin crendo,2024/04/29 22:33:24,"[['ijin', 'crendo']]"
felixbott12_,yang mau ig nya wasit ini tulis aja ig wasit,2024/04/29 23:14:52,"[['yang', 'mau', 'ig', 'nya', 'wasit', 'ini', 'tulis', 'aja', 'ig', 'wasit']]"
pharmacist_nodrug,noeabdi kalau sekarang apa bang wkw,2024/04/29 23:15:43,"[['noeabdi', 'kalau', 'sekarang', 'apa', 'bang', 'wkw']]"
mellynars_,kalian keren abizzzz,2024/04/29 23:19:13,"[['kalian', 'keren', 'abizzzz']]"
aldisalah_,yok bisa yok ambil posisi 3,2024/04/29 23:21:50,"[['yok', 'bisa', 'yok', 'ambil', 'posisi', '3']]"
arya_saputra223,sandywalsh ente nggak main san,2024/04/29 23:24:36,"[['sandywalsh', 'ente', 'nggak', 'main', 'san']]"
sabilaputri_2,tetap semangat garuda ku,2024/04/29 23:25:15,"[['tetap', 'semangat', 'garuda', 'ku']]"
ini_fahrul,ig wasit dan wasit var anjeng,2024/04/29 23:25:48,"[['ig', 'wasit', 'dan', 'wasit', 'var', 'anjeng']]"
ncep_ipin,padahal masih banyak pemain yg gk dimain kan sama sekali sama sty udh jauh jauh ikut latihan cape bareng tpi gk main trs ini afc lagi,2024/04/29 23:25:59,"[['padahal', 'masih', 'banyak', 'pemain', 'yg', 'gk', 'dimain', 'kan', 'sama', 'sekali', 'sama', 'sty', 'udh', 'jauh', 'jauh', 'ikut', 'latihan', 'cape', 'bareng', 'tpi', 'gk', 'main', 'trs', 'ini', 'afc', 'lagi']]"
ridojr13,wasit korsel vs indo piye jek enak jaman ku toh,2024/04/29 23:42:59,"[['wasit', 'korsel', 'vs', 'indo', 'piye', 'jek', 'enak', 'jaman', 'ku', 'toh']]"
bagus.alfarizie,tetaplah bermain jujur walopun kaaj akan wasit karena kalian lah juaranyasemangat,2024/04/29 23:46:17,"[['tetaplah', 'bermain', 'jujur', 'walopun', 'kaaj', 'akan', 'wasit', 'karena', 'kalian', 'lah', 'juaranyasemangat']]"
imetjahkene,apapun hasilnya malam ini kami ttep bangga dengan perjuangan kalian trimakasih sudah sejauh ini semangat garudaku,2024/04/29 23:50:41,"[['apapun', 'hasilnya', 'malam', 'ini', 'kami', 'ttep', 'bangga', 'dengan', 'perjuangan', 'kalian', 'trimakasih', 'sudah', 'sejauh', 'ini', 'semangat', 'garudaku']]"
wisanggeni1206,tetep cinta tinnas apapun hasilnya kalian sdh berjuang tks hero,2024/04/30 00:01:36,"[['tetep', 'cinta', 'tinnas', 'apapun', 'hasilnya', 'kalian', 'sdh', 'berjuang', 'tks', 'hero']]"
taradiva__,terima kasih timnas sudah berjuang dengan keras tetap semangat dan jangan menyerahproud hormat setinggi2nya,2024/04/30 00:36:21,"[['terima', 'kasih', 'timnas', 'sudah', 'berjuang', 'dengan', 'keras', 'tetap', 'semangat', 'dan', 'jangan', 'menyerahproud', 'hormat', 'setinggi2nya']]"
fattt.hya,bangga,2024/04/30 07:13:05,[['bangga']]
sya_raww17,bismillahirrahmanirrahim,2024/04/30 08:39:10,[['bismillahirrahmanirrahim']]
wibu_kampung,sandywalsh,2024/04/30 10:02:49,[['sandywalsh']]
urpretty_mala,menyala abangku,2024/04/30 10:52:30,"[['menyala', 'abangku']]"
mumtazah_a.f,im proud timnas indonesia,2024/04/30 17:29:51,"[['im', 'proud', 'timnas', 'indonesia']]"
daaaa_0012,semangat timnas indonesia menyala timnas indonesia,2024/05/01 22:11:04,"[['semangat', 'timnas', 'indonesia', 'menyala', 'timnas', 'indonesia']]"
timnasindonesia_update2,terimankasih pak erik thohir dan smua yg sudah terliba atas keeberhhasilan timnas sejauh ini,2024/05/02 10:46:05,"[['terimankasih', 'pak', 'erik', 'thohir', 'dan', 'smua', 'yg', 'sudah', 'terliba', 'atas', 'keeberhhasilan', 'timnas', 'sejauh', 'ini']]"
seacc__aja,indonesia 3 iraq 1,2024/05/02 15:33:24,"[['indonesia', '3', 'iraq', '1']]"
afsssian,ayo timnas bisa menang untuk masuk olimpiade paris,2024/05/02 17:31:23,"[['ayo', 'timnas', 'bisa', 'menang', 'untuk', 'masuk', 'olimpiade', 'paris']]"
naffzzxx,rafael ganteng bgttttttt,2024/05/02 18:55:06,"[['rafael', 'ganteng', 'bgttttttt']]"
dani_gunwn,putrasiregarr17 air mengalir di dalam goa lihat orang jalan terbalik kita bantu dengan doa semoga timnas dapat hasil terbaik,2024/05/02 21:28:56,"[['putrasiregarr17', 'air', 'mengalir', 'di', 'dalam', 'goa', 'lihat', 'orang', 'jalan', 'terbalik', 'kita', 'bantu', 'dengan', 'doa', 'semoga', 'timnas', 'dapat', 'hasil', 'terbaik']]"
raflii_fajrr,rfkyrivldo apo nan assalamualaikum lah kalah alah,2024/05/04 11:01:41,"[['rfkyrivldo', 'apo', 'nan', 'assalamualaikum', 'lah', 'kalah', 'alah']]"
rfkyrivldo_,masih ada 1 lagi lwn squad chetahh,2024/05/04 11:34:10,"[['masih', 'ada', '1', 'lagi', 'lwn', 'squad', 'chetahh']]"
rendangque,pak erickthohir shintaeyong7777 bawa pemain timnas ke bali pak suruh mereka latihan passing dan jugling pakai bola api seperti yg pernah dilakukan cr7 dulu sebelum dia terkenal ini akan membuat mereka belajar tidak terlalu lama membawa bola,2024/05/04 14:50:07,"[['pak', 'erickthohir', 'shintaeyong7777', 'bawa', 'pemain', 'timnas', 'ke', 'bali', 'pak', 'suruh', 'mereka', 'latihan', 'passing', 'dan', 'jugling', 'pakai', 'bola', 'api', 'seperti', 'yg', 'pernah', 'dilakukan', 'cr7', 'dulu', 'sebelum', 'dia', 'terkenal', 'ini', 'akan', 'membuat', 'mereka', 'belajar', 'tidak', 'terlalu', 'lama', 'membawa', 'bola']]"
arifuwik533gmail.com3,meskipun sampai di juara empatkalian tetap juara satunya indonesia semangat terus garudaku kamu hebat,2024/05/05 12:11:24,"[['meskipun', 'sampai', 'di', 'juara', 'empatkalian', 'tetap', 'juara', 'satunya', 'indonesia', 'semangat', 'terus', 'garudaku', 'kamu', 'hebat']]"
pamungkas_bie,tapi sok kali,2024/05/06 09:48:58,"[['tapi', 'sok', 'kali']]"
anugrahhh_09,irfanghafur bukan orng sumedang bang bang wasit orang bengkulu,2024/04/27 22:39:45,"[['irfanghafur', 'bukan', 'orng', 'sumedang', 'bang', 'bang', 'wasit', 'orang', 'bengkulu']]"
stytinkque,kapolrestabanyumas biasanya jantung saya yg mau copot saat ketemu operasi polisi di jalan pak bercanda,2024/04/28 02:06:47,"[['kapolrestabanyumas', 'biasanya', 'jantung', 'saya', 'yg', 'mau', 'copot', 'saat', 'ketemu', 'operasi', 'polisi', 'di', 'jalan', 'pak', 'bercanda']]"
d_bayudirgayusa,samyawsutha siap pak,2024/04/28 03:24:21,"[['samyawsutha', 'siap', 'pak']]"
maureadyra,asnawi kmna,2024/04/28 08:45:32,"[['asnawi', 'kmna']]"
itachirivan,uzb ga prnh kalah dan ga prnh kebobolan tapi tenang timnas kita sedang menyalaaa,2024/04/28 09:12:41,"[['uzb', 'ga', 'prnh', 'kalah', 'dan', 'ga', 'prnh', 'kebobolan', 'tapi', 'tenang', 'timnas', 'kita', 'sedang', 'menyalaaa']]"
alifsupriant_,bagasaeprasetya bismillah dukungan penuh semoga lolos final,2024/04/28 09:15:45,"[['bagasaeprasetya', 'bismillah', 'dukungan', 'penuh', 'semoga', 'lolos', 'final']]"
haidar.panjul13,athan31 bener kok 2 sama,2024/04/28 09:23:12,"[['athan31', 'bener', 'kok', '2', 'sama']]"
rz2___1,semoga menang,2024/04/28 09:54:25,"[['semoga', 'menang']]"
kissmemoree__,semoga kebahagiaan ini bisa terus berlanjut terimkasih timnas,2024/04/28 09:56:19,"[['semoga', 'kebahagiaan', 'ini', 'bisa', 'terus', 'berlanjut', 'terimkasih', 'timnas']]"
biintangislami,alizidane29 waalaikumsalam,2024/04/28 10:01:41,"[['alizidane29', 'waalaikumsalam']]"
bagas.a.e.prasetya,alifsupriant inggih mas e kita support jalur langit hehe,2024/04/28 10:13:03,"[['alifsupriant', 'inggih', 'mas', 'e', 'kita', 'support', 'jalur', 'langit', 'hehe']]"
bintngrdfa3_,yok bisa yokk,2024/04/28 10:25:25,"[['yok', 'bisa', 'yokk']]"
rfliakbrrr_,ndiiisml uluh,2024/04/28 10:50:14,"[['ndiiisml', 'uluh']]"
kopijamur,bismillahirrahmanirrahim timnas menang 31 kita semua dukung dan doa buat timnas tercinta,2024/04/28 11:16:35,"[['bismillahirrahmanirrahim', 'timnas', 'menang', '31', 'kita', 'semua', 'dukung', 'dan', 'doa', 'buat', 'timnas', 'tercinta']]"
hutarabrat,naufalla,2024/04/28 12:31:49,[['naufalla']]
ranisah_27,diazapriski gak boleh gituu sekelas ronaldo sama messi aja pernah gagal penalti,2024/04/28 12:58:42,"[['diazapriski', 'gak', 'boleh', 'gituu', 'sekelas', 'ronaldo', 'sama', 'messi', 'aja', 'pernah', 'gagal', 'penalti']]"
hafianfirdaus,komen e uakeh pehh indonesia wani,2024/04/28 12:59:02,"[['komen', 'e', 'uakeh', 'pehh', 'indonesia', 'wani']]"
persija_rumors,terbanglah yang lebih tinggi garudaaa,2024/04/28 13:10:31,"[['terbanglah', 'yang', 'lebih', 'tinggi', 'garudaaa']]"
pujirohayanii,raddenangga jaga typing kamu,2024/04/28 14:18:13,"[['raddenangga', 'jaga', 'typing', 'kamu']]"
yudaananda128,febriadp22 jangan mau,2024/04/28 14:18:47,"[['febriadp22', 'jangan', 'mau']]"
yudaananda128,xmtthwkm dugem di mp bg,2024/04/28 14:25:14,"[['xmtthwkm', 'dugem', 'di', 'mp', 'bg']]"
w.mustopo,bungsungkan dadamu tatap mata lawanmu yakinkan bahwa kamu mampu meraihnyadoaku menyertaimumeraih prestasimu kelevel lebih tinggi,2024/04/28 15:08:46,"[['bungsungkan', 'dadamu', 'tatap', 'mata', 'lawanmu', 'yakinkan', 'bahwa', 'kamu', 'mampu', 'meraihnyadoaku', 'menyertaimumeraih', 'prestasimu', 'kelevel', 'lebih', 'tinggi']]"
radden_angga,pujirohayanii mulusss,2024/04/28 15:10:05,"[['pujirohayanii', 'mulusss']]"
danzelmfrhn,walaikumussalam,2024/04/28 15:18:12,[['walaikumussalam']]
badut_kece5,azizxw ajg,2024/04/28 18:10:52,"[['azizxw', 'ajg']]"
khair_ilanam94,go final,2024/04/28 18:16:33,"[['go', 'final']]"
fujiyanto_yore,ayo kalian timnas pasti bisa menang melawan uzbekistan,2024/04/28 18:17:37,"[['ayo', 'kalian', 'timnas', 'pasti', 'bisa', 'menang', 'melawan', 'uzbekistan']]"
rodinald2024,ayo garuda muda indonesia jadilah juara,2024/04/28 18:23:55,"[['ayo', 'garuda', 'muda', 'indonesia', 'jadilah', 'juara']]"
rosalinaros29,emott,2024/04/28 18:25:00,[['emott']]
albiealkahfie,asmawi ga turun ya,2024/04/28 18:41:35,"[['asmawi', 'ga', 'turun', 'ya']]"
ariasadewaa,syahrullir het teu dimanamana aya wae komenan na,2024/04/28 18:42:13,"[['syahrullir', 'het', 'teu', 'dimanamana', 'aya', 'wae', 'komenan', 'na']]"
azrilalsaid15,bungtowel8 untuk anda ada apakah dihati anda liat sang garuda sedang terbang tinggi tapi anda terlihat sekali tidak suka sepakbola indonesia sedang maju aneh anda ini seperti bukan orang indonesia,2024/04/28 18:44:47,"[['bungtowel8', 'untuk', 'anda', 'ada', 'apakah', 'dihati', 'anda', 'liat', 'sang', 'garuda', 'sedang', 'terbang', 'tinggi', 'tapi', 'anda', 'terlihat', 'sekali', 'tidak', 'suka', 'sepakbola', 'indonesia', 'sedang', 'maju', 'aneh', 'anda', 'ini', 'seperti', 'bukan', 'orang', 'indonesia']]"
mohariianggaraalaumarang,waalaikumsallam calon juara,2024/04/28 20:34:33,"[['waalaikumsallam', 'calon', 'juara']]"
wansenju19,worow0ro iya sangku woro,2024/04/28 20:46:13,"[['worow0ro', 'iya', 'sangku', 'woro']]"
m.aufarafrian,assalamualaikum semifinal,2024/04/28 23:03:44,"[['assalamualaikum', 'semifinal']]"
baaxstore,burnburn kick uzbekz 20,2024/04/28 23:43:14,"[['burnburn', 'kick', 'uzbekz', '20']]"
arley_biroe,walaikum salam bismillahirohmanirohim timnas u23 pasti bisa insyaaalah,2024/04/28 23:55:49,"[['walaikum', 'salam', 'bismillahirohmanirohim', 'timnas', 'u23', 'pasti', 'bisa', 'insyaaalah']]"
resty_85,dassllah,2024/04/29 00:16:14,[['dassllah']]
jaxseno4,ozbekistonga qarshi galaba qozonish orzusi indoneziya134 dunyoning sharmandali reytingi,2024/04/29 00:49:27,"[['ozbekistonga', 'qarshi', 'galaba', 'qozonish', 'orzusi', 'indoneziya134', 'dunyoning', 'sharmandali', 'reytingi']]"
mangiwang.fc,angewako,2024/04/29 05:48:33,[['angewako']]
biannnsf,jayidzes alhamdulillah ada cintanya,2024/04/29 09:46:20,"[['jayidzes', 'alhamdulillah', 'ada', 'cintanya']]"
amir_saleh07,dulu semifinal aff saja kami sudah bangga apalagi semifinal piala asia bangganya nggak obat nggak bisa terhitung nggak bisa di jelaskan terima kasih sudah bikin bangga rakyat indonesia,2024/04/27 12:17:52,"[['dulu', 'semifinal', 'aff', 'saja', 'kami', 'sudah', 'bangga', 'apalagi', 'semifinal', 'piala', 'asia', 'bangganya', 'nggak', 'obat', 'nggak', 'bisa', 'terhitung', 'nggak', 'bisa', 'di', 'jelaskan', 'terima', 'kasih', 'sudah', 'bikin', 'bangga', 'rakyat', 'indonesia']]"
apriliamanopo_,kerja bagusss,2024/04/27 12:34:18,"[['kerja', 'bagusss']]"
dina.apriy04,fokus next match garudaaamankan tiket ke paris,2024/04/27 12:36:31,"[['fokus', 'next', 'match', 'garudaaamankan', 'tiket', 'ke', 'paris']]"
selpa_20,menyala timnas ku,2024/04/27 12:41:28,"[['menyala', 'timnas', 'ku']]"
legion_dvsn,fly high,2024/04/27 12:44:12,"[['fly', 'high']]"
aaalamsyahhhh,assalamualaikum semifinal runner melaju semifinal yah qfa qatar,2024/04/27 12:47:36,"[['assalamualaikum', 'semifinal', 'runner', 'melaju', 'semifinal', 'yah', 'qfa', 'qatar']]"
irwnprgwksnoo,galing tombol titit,2024/04/27 13:09:22,"[['galing', 'tombol', 'titit']]"
harryoemarbakrie,waalaikumsalaam warahmatullahi wabarokatuuh bismillah insyaallah pasukan jalur langit siap kawal sampai juara biidznillah,2024/04/27 13:46:51,"[['waalaikumsalaam', 'warahmatullahi', 'wabarokatuuh', 'bismillah', 'insyaallah', 'pasukan', 'jalur', 'langit', 'siap', 'kawal', 'sampai', 'juara', 'biidznillah']]"
itservina__,assalamualaikum paris,2024/04/27 13:58:19,"[['assalamualaikum', 'paris']]"
mom_nayaka,doa bangsa indonesia tidak akan terhenti unt timnas,2024/04/27 14:06:37,"[['doa', 'bangsa', 'indonesia', 'tidak', 'akan', 'terhenti', 'unt', 'timnas']]"
adnan_syaifullah,info pemain indonesia yang tidak di panggil timnas tapi bkin ucapan selamat ke timnas lewat story ig,2024/04/27 14:24:25,"[['info', 'pemain', 'indonesia', 'yang', 'tidak', 'di', 'panggil', 'timnas', 'tapi', 'bkin', 'ucapan', 'selamat', 'ke', 'timnas', 'lewat', 'story', 'ig']]"
nazmahaniu,proud,2024/04/27 14:35:44,[['proud']]
dira_yoon,inshaallah pasti juara aamiin pertandingan dini hari tdi sangat tegang bagaikan drama korea sampe gue gak tdr paginya sampe gak masuk kerja demi nonton timnas,2024/04/27 14:44:29,"[['inshaallah', 'pasti', 'juara', 'aamiin', 'pertandingan', 'dini', 'hari', 'tdi', 'sangat', 'tegang', 'bagaikan', 'drama', 'korea', 'sampe', 'gue', 'gak', 'tdr', 'paginya', 'sampe', 'gak', 'masuk', 'kerja', 'demi', 'nonton', 'timnas']]"
kalis.jp,towel kontol,2024/04/27 14:58:17,"[['towel', 'kontol']]"
_kadeknandaaa,semangat,2024/04/27 15:03:37,[['semangat']]
rasdhanmikha,yakin menang lagiiii lawan uzbebismillah,2024/04/27 15:22:47,"[['yakin', 'menang', 'lagiiii', 'lawan', 'uzbebismillah']]"
sidiq0802,sandywalsh menyala mase,2024/04/27 15:27:56,"[['sandywalsh', 'menyala', 'mase']]"
elmatiapramesti17,ryantriart garuda u23 lawan garuda mindaka,2024/04/27 15:29:06,"[['ryantriart', 'garuda', 'u23', 'lawan', 'garuda', 'mindaka']]"
adlan138_,menyala abangku,2024/04/27 15:34:11,"[['menyala', 'abangku']]"
muhammad.wianprayoga,semoga bisa menang lagi ya garudaku,2024/04/27 15:57:48,"[['semoga', 'bisa', 'menang', 'lagi', 'ya', 'garudaku']]"
ryantri_art,elmatiapramesti17 wkwk tandinge ng lapangan mindaka ya,2024/04/27 16:01:58,"[['elmatiapramesti17', 'wkwk', 'tandinge', 'ng', 'lapangan', 'mindaka', 'ya']]"
wandawardaniah,kfmkorea 2in,2024/04/27 16:02:10,"[['kfmkorea', '2in']]"
chandraisy,terbang tinggi garuda indonesia,2024/04/27 16:03:54,"[['terbang', 'tinggi', 'garuda', 'indonesia']]"
hedarsulaeman3,insyaallah menang indonesia 3 uzbec 0,2024/04/27 16:05:32,"[['insyaallah', 'menang', 'indonesia', '3', 'uzbec', '0']]"
arif.pmbudi,minimal olimpiade lah bolo,2024/04/27 16:47:23,"[['minimal', 'olimpiade', 'lah', 'bolo']]"
v.alferiska_,menyalaaa merahh putihh kuuu,2024/04/27 16:48:49,"[['menyalaaa', 'merahh', 'putihh', 'kuuu']]"
awanda_irham,optimis,2024/04/27 17:26:45,[['optimis']]
an0theer.11,dalleka,2024/04/27 17:35:36,[['dalleka']]
putri_qinnara,ilmu padi min,2024/04/27 17:43:33,"[['ilmu', 'padi', 'min']]"
arief_aceng,kapolrestabanyumas info nobar lagi pak kapolres,2024/04/27 17:47:59,"[['kapolrestabanyumas', 'info', 'nobar', 'lagi', 'pak', 'kapolres']]"
yenita_widiani,alhamdulillah,2024/04/27 18:35:08,[['alhamdulillah']]
auruummr_,lit,2024/04/27 18:54:44,[['lit']]
chelly_dian,bismillahirrahmanirrahim timnas juara,2024/04/27 19:02:56,"[['bismillahirrahmanirrahim', 'timnas', 'juara']]"
adani_fildzah,alfatihah,2024/04/27 19:15:56,[['alfatihah']]
unthink_4ble,masha allah u23 indonesia handsome semua,2024/04/27 19:23:13,"[['masha', 'allah', 'u23', 'indonesia', 'handsome', 'semua']]"
vikomuhxmad,tolong itu direvisi watermark nya ganggu,2024/04/27 19:43:02,"[['tolong', 'itu', 'direvisi', 'watermark', 'nya', 'ganggu']]"
athan31_,haidarpanjul13 lu salah anj,2024/04/27 19:50:26,"[['haidarpanjul13', 'lu', 'salah', 'anj']]"
junle_randa,wargapaingan tgl 29 nobar jang,2024/04/27 20:06:44,"[['wargapaingan', 'tgl', '29', 'nobar', 'jang']]"
bobipanji_,sonysaragih jauh maen maen mu yaa sampek ke qatar,2024/04/27 20:31:33,"[['sonysaragih', 'jauh', 'maen', 'maen', 'mu', 'yaa', 'sampek', 'ke', 'qatar']]"
uwi.98,selamat timnas indonesia,2024/04/27 21:14:12,"[['selamat', 'timnas', 'indonesia']]"
jetswepen,3 2 win,2024/04/27 21:14:16,"[['3', '2', 'win']]"
endrickzf,raja asia,2024/04/27 21:51:38,"[['raja', 'asia']]"
alekatili_,walaikumsalam insyaallah final aminn,2024/04/27 21:59:57,"[['walaikumsalam', 'insyaallah', 'final', 'aminn']]"
samian_nur,selamat berjuang adik adik kuselangkah lagi kalian masuk finalsejarah akan mencatat kalianbermainlah secara timkurangi egois kalau ada kawan yg berpotensi mencetak gol di depan gawang lawan secepatnya di,2024/04/27 22:29:50,"[['selamat', 'berjuang', 'adik', 'adik', 'kuselangkah', 'lagi', 'kalian', 'masuk', 'finalsejarah', 'akan', 'mencatat', 'kalianbermainlah', 'secara', 'timkurangi', 'egois', 'kalau', 'ada', 'kawan', 'yg', 'berpotensi', 'mencetak', 'gol', 'di', 'depan', 'gawang', 'lawan', 'secepatnya', 'di']]"
vantama81,jayidzes halo bang jayadi,2024/04/27 00:45:18,"[['jayidzes', 'halo', 'bang', 'jayadi']]"
vantama81,jordiamat5 prince jordi,2024/04/27 00:45:34,"[['jordiamat5', 'prince', 'jordi']]"
ruswandyhanif,dedejaparwijaya,2024/04/27 00:48:18,[['dedejaparwijaya']]
lisma14_,bangga,2024/04/27 01:36:08,[['bangga']]
pikapriscilia92,wenka05 lek timnas ket jamane egy u19 wes ngikuti terus,2024/04/27 01:36:31,"[['wenka05', 'lek', 'timnas', 'ket', 'jamane', 'egy', 'u19', 'wes', 'ngikuti', 'terus']]"
syeikhsufian,setuju sangat jangan kasih towel panggung,2024/04/27 02:04:33,"[['setuju', 'sangat', 'jangan', 'kasih', 'towel', 'panggung']]"
lani.yy,kelazz,2024/04/27 02:29:12,[['kelazz']]
lelahdengansemuahal,marselino false nine diapit witan n sroyerramadhan sananta bakal ngerusak kombinasi umpan pendek yg ujungnya bakal main crosing crosing padahal uzbek pemain nya tinggi tingi besarhoky caraka bagus sebagai striker pemantul tapi suka salah ambil keputusan n salah pasing ga pede diaalternatif terbaik ya marselino false nine karrna kemampuan dia nahan bola lumayan juga lah,2024/04/27 04:09:16,"[['marselino', 'false', 'nine', 'diapit', 'witan', 'n', 'sroyerramadhan', 'sananta', 'bakal', 'ngerusak', 'kombinasi', 'umpan', 'pendek', 'yg', 'ujungnya', 'bakal', 'main', 'crosing', 'crosing', 'padahal', 'uzbek', 'pemain', 'nya', 'tinggi', 'tingi', 'besarhoky', 'caraka', 'bagus', 'sebagai', 'striker', 'pemantul', 'tapi', 'suka', 'salah', 'ambil', 'keputusan', 'n', 'salah', 'pasing', 'ga', 'pede', 'diaalternatif', 'terbaik', 'ya', 'marselino', 'false', 'nine', 'karrna', 'kemampuan', 'dia', 'nahan', 'bola', 'lumayan', 'juga', 'lah']]"
anggagyzanda,waallaykumsalam warohmatullahi wa barokatuh semangat,2024/04/27 05:12:46,"[['waallaykumsalam', 'warohmatullahi', 'wa', 'barokatuh', 'semangat']]"
w.enka05,pikapriscilia92 lanjutkan mbak pika,2024/04/27 05:36:55,"[['pikapriscilia92', 'lanjutkan', 'mbak', 'pika']]"
fitry_hrr001,andidzakir lah nyasar kau,2024/04/27 05:59:51,"[['andidzakir', 'lah', 'nyasar', 'kau']]"
indpndce,ayoo indonesiaa kencangkan doadoa klean,2024/04/27 06:14:51,"[['ayoo', 'indonesiaa', 'kencangkan', 'doadoa', 'klean']]"
indpndce,sandywalsh mantap abangkuh,2024/04/27 06:15:17,"[['sandywalsh', 'mantap', 'abangkuh']]"
aliibrahim6625,ayo menyala sampai gosong abangku,2024/04/27 06:47:32,"[['ayo', 'menyala', 'sampai', 'gosong', 'abangku']]"
deckie_sand,ini yg bilang banyak naturalisasi mana ya ini hanya 4 lho di u23 kerennnn kan timnas u23,2024/04/27 07:01:23,"[['ini', 'yg', 'bilang', 'banyak', 'naturalisasi', 'mana', 'ya', 'ini', 'hanya', '4', 'lho', 'di', 'u23', 'kerennnn', 'kan', 'timnas', 'u23']]"
nablyou_ara,sandywalsh sangat menyala,2024/04/27 07:05:55,"[['sandywalsh', 'sangat', 'menyala']]"
belindo_campiun,witan ayooo kembalikan lagi performa nya kaya kemarin lawan jordanhalo kaka ganteng marselino kemana finishing touch nya kaka ganteng akan jauh lebih ganteng kalo bisa kurangi ego nya jika di depan gawang lawan kemarin deng jordan kan bagus tuhnanti mainnya kaya lawan jorsan yaaatik tokan nya dapet bangethalo kaka ipar jener lebih sering lagi ngoper ke struickkaya kemarin dgn korsel yaaaa love timnas indonesia,2024/04/27 07:14:18,"[['witan', 'ayooo', 'kembalikan', 'lagi', 'performa', 'nya', 'kaya', 'kemarin', 'lawan', 'jordanhalo', 'kaka', 'ganteng', 'marselino', 'kemana', 'finishing', 'touch', 'nya', 'kaka', 'ganteng', 'akan', 'jauh', 'lebih', 'ganteng', 'kalo', 'bisa', 'kurangi', 'ego', 'nya', 'jika', 'di', 'depan', 'gawang', 'lawan', 'kemarin', 'deng', 'jordan', 'kan', 'bagus', 'tuhnanti', 'mainnya', 'kaya', 'lawan', 'jorsan', 'yaaatik', 'tokan', 'nya', 'dapet', 'bangethalo', 'kaka', 'ipar', 'jener', 'lebih', 'sering', 'lagi', 'ngoper', 'ke', 'struickkaya', 'kemarin', 'dgn', 'korsel', 'yaaaa', 'love', 'timnas', 'indonesia']]"
r.aarchives,ayo garuda terbang lebih tinggi lagiii,2024/04/27 07:45:37,"[['ayo', 'garuda', 'terbang', 'lebih', 'tinggi', 'lagiii']]"
boydontcry616,psmmakassar seneng kan ayo dong kita juga mau lihat liga kebanggan kita bersaing dipiala asia,2024/04/27 08:39:50,"[['psmmakassar', 'seneng', 'kan', 'ayo', 'dong', 'kita', 'juga', 'mau', 'lihat', 'liga', 'kebanggan', 'kita', 'bersaing', 'dipiala', 'asia']]"
laillputrii_,menyalaaaaaaaa,2024/04/27 08:47:08,[['menyalaaaaaaaa']]
nuning.asih.5,yesssssss menyala terussssgarudakusemakin mengerucut kepuncaklawan semakin kuatsemakin membuat gairahgaruda muda kita untuk melibasnyakita pasti bisakita pasti menangkita berlari ke dunia juarakita pasti bisakita pasti menangbismillah,2024/04/27 08:55:32,"[['yesssssss', 'menyala', 'terussssgarudakusemakin', 'mengerucut', 'kepuncaklawan', 'semakin', 'kuatsemakin', 'membuat', 'gairahgaruda', 'muda', 'kita', 'untuk', 'melibasnyakita', 'pasti', 'bisakita', 'pasti', 'menangkita', 'berlari', 'ke', 'dunia', 'juarakita', 'pasti', 'bisakita', 'pasti', 'menangbismillah']]"
altafbakhtiar84,ahmdjhnsyah jamaah nya,2024/04/27 08:58:13,"[['ahmdjhnsyah', 'jamaah', 'nya']]"
rzkyfirdauss,putrasiregarr17 abang yang cita citanya jadi kapal lawd bukan,2024/04/27 08:58:41,"[['putrasiregarr17', 'abang', 'yang', 'cita', 'citanya', 'jadi', 'kapal', 'lawd', 'bukan']]"
reihaniqbal_,menyalaaa,2024/04/27 09:01:13,[['menyalaaa']]
persiba_bakongan,sandywalsh megenta abangkuu,2024/04/27 09:30:15,"[['sandywalsh', 'megenta', 'abangkuu']]"
nr_aiisyah,andimuhdaffa sewaki ahay,2024/04/27 09:31:43,"[['andimuhdaffa', 'sewaki', 'ahay']]"
andimuhdaffa_,nraiisyah haha dosa ibu,2024/04/27 09:32:27,"[['nraiisyah', 'haha', 'dosa', 'ibu']]"
gmr_indonesia,gassss final,2024/04/27 09:33:49,"[['gassss', 'final']]"
bagasajiprst_,aprillia28o4 ciling,2024/04/27 09:51:22,"[['aprillia28o4', 'ciling']]"
aniksetyo2,menyalaa,2024/04/27 09:58:12,[['menyalaa']]
muktaralpiansyaputra,camko ha,2024/04/27 10:09:33,"[['camko', 'ha']]"
tomyfarisada,bulekwofficial swenggol dwong,2024/04/27 10:41:42,"[['bulekwofficial', 'swenggol', 'dwong']]"
ama_daeng44,kalian pemersatu bangsa ini kalian buat rakyat indonesia menangis bahagia vamos pasukan maju tak gentar,2024/04/27 11:27:45,"[['kalian', 'pemersatu', 'bangsa', 'ini', 'kalian', 'buat', 'rakyat', 'indonesia', 'menangis', 'bahagia', 'vamos', 'pasukan', 'maju', 'tak', 'gentar']]"
saya_sulaeman,marcklok juni main ga klok,2024/04/27 11:42:09,"[['marcklok', 'juni', 'main', 'ga', 'klok']]"
saya_sulaeman,fano,2024/04/27 11:42:40,[['fano']]
saya_sulaeman,spattynamafanpage yess pattynama,2024/04/27 11:43:22,"[['spattynamafanpage', 'yess', 'pattynama']]"
haris071118,juara,2024/04/27 11:50:28,[['juara']]
reyynatarus,riyannnzf eh iya juga ya,2024/04/27 11:51:20,"[['riyannnzf', 'eh', 'iya', 'juga', 'ya']]"
yu_nnara,menyala timnas ku,2024/04/26 21:26:43,"[['menyala', 'timnas', 'ku']]"
_ndhaaaaa2,menyala garudaku,2024/04/26 21:29:26,"[['menyala', 'garudaku']]"
arylestari__,good gameee congratssss,2024/04/26 21:31:33,"[['good', 'gameee', 'congratssss']]"
jasonadiputro,marcellino sanantha next game dont waste chance anymore,2024/04/26 21:35:05,"[['marcellino', 'sanantha', 'next', 'game', 'dont', 'waste', 'chance', 'anymore']]"
hary_dchater,loviamera saya belum tidur bu dari kemarin,2024/04/26 21:43:50,"[['loviamera', 'saya', 'belum', 'tidur', 'bu', 'dari', 'kemarin']]"
fiqie022_,ghofur512 alhamdulillah,2024/04/26 21:44:12,"[['ghofur512', 'alhamdulillah']]"
jasonadiputro,keep spirit guyss dontnwaste chance next game,2024/04/26 21:45:33,"[['keep', 'spirit', 'guyss', 'dontnwaste', 'chance', 'next', 'game']]"
_rosamawu,proud hero,2024/04/26 21:50:35,"[['proud', 'hero']]"
sayyidaaann,jordiamat5 capt,2024/04/26 21:57:29,"[['jordiamat5', 'capt']]"
aisyaah_kim,alhamdulillah bangga banget indonesia hebat,2024/04/26 21:59:46,"[['alhamdulillah', 'bangga', 'banget', 'indonesia', 'hebat']]"
apincandra12,indonesia menang lawan korea lahh aku kalah sama masalalunya,2024/04/26 22:00:24,"[['indonesia', 'menang', 'lawan', 'korea', 'lahh', 'aku', 'kalah', 'sama', 'masalalunya']]"
aurlilovi,alhamdulillah jalur langit ga pernah salah,2024/04/26 22:08:47,"[['alhamdulillah', 'jalur', 'langit', 'ga', 'pernah', 'salah']]"
muhammadyu8101,bismillahi timnas indonesia champions afc u 23,2024/04/26 22:18:54,"[['bismillahi', 'timnas', 'indonesia', 'champions', 'afc', 'u', '23']]"
eagidarmawann,kami bangga,2024/04/26 22:24:35,"[['kami', 'bangga']]"
fadhil.m1317_,alhamdulillah masuk semi final,2024/04/26 22:27:54,"[['alhamdulillah', 'masuk', 'semi', 'final']]"
keripik.kentang2003,kerennn,2024/04/26 22:34:07,[['kerennn']]
_mlnayq_,kapolrestabanyumas bapak ada dimana2,2024/04/26 22:48:52,"[['kapolrestabanyumas', 'bapak', 'ada', 'dimana2']]"
m.yonetra,bismillahassalamualaikum paris,2024/04/26 23:02:23,"[['bismillahassalamualaikum', 'paris']]"
xzzz.rafi,apakah asian games akan di ulang lagi,2024/04/26 23:08:33,"[['apakah', 'asian', 'games', 'akan', 'di', 'ulang', 'lagi']]"
taufikalvarendra,tetap menyala taka tiki nya abang q,2024/04/26 23:18:36,"[['tetap', 'menyala', 'taka', 'tiki', 'nya', 'abang', 'q']]"
pembayyun,teukuwisnu takbirrrr,2024/04/26 23:18:52,"[['teukuwisnu', 'takbirrrr']]"
zaafiady,jordiamat5 light brother,2024/04/26 23:19:06,"[['jordiamat5', 'light', 'brother']]"
renfx__,afaiqstreet maen epep aja bg,2024/04/26 23:21:18,"[['afaiqstreet', 'maen', 'epep', 'aja', 'bg']]"
indahfr_17,alhamdulillah bias boleh di korea tapi jiwa tetap indonesia,2024/04/26 23:24:19,"[['alhamdulillah', 'bias', 'boleh', 'di', 'korea', 'tapi', 'jiwa', 'tetap', 'indonesia']]"
galihaji402,tercyduk,2024/04/26 23:34:18,[['tercyduk']]
fanfanramadhan,galihaji402 gasss abangquh,2024/04/26 23:34:52,"[['galihaji402', 'gasss', 'abangquh']]"
_mylavier,aaaaaaaaaakkkkkkkkkkk,2024/04/26 23:44:16,[['aaaaaaaaaakkkkkkkkkkk']]
abg_indo18,cek akun kami ada yg segar segar,2024/04/26 23:52:30,"[['cek', 'akun', 'kami', 'ada', 'yg', 'segar', 'segar']]"
aaannisaf_,jayidzes,2024/04/26 23:59:57,[['jayidzes']]
aaannisaf_,sandywalsh menyala menyala,2024/04/27 00:00:45,"[['sandywalsh', 'menyala', 'menyala']]"
aaannisaf_,marcklok proud,2024/04/27 00:01:29,"[['marcklok', 'proud']]"
mas_tousi,arissstw jos full senyum masseh,2024/04/27 00:03:49,"[['arissstw', 'jos', 'full', 'senyum', 'masseh']]"
lahaa04,menyala indonesia,2024/04/27 00:08:48,"[['menyala', 'indonesia']]"
whoopsawesome,mhmmdfarkhans jangan lari ya,2024/04/27 00:08:51,"[['mhmmdfarkhans', 'jangan', 'lari', 'ya']]"
whoopsawesome,delvianoalvin lupa ya kalo aku,2024/04/27 00:09:16,"[['delvianoalvin', 'lupa', 'ya', 'kalo', 'aku']]"
indonesia_x_palestina_,gua udah nonton afc u23 qatar uzbekistan vs arab saudi yang menang uzbekistan maka indonesia akan melawan uzbekistan nanti ayo indonesia menang kan untuk para suporter yang ada di qatar dan di indonesia,2024/04/27 00:17:26,"[['gua', 'udah', 'nonton', 'afc', 'u23', 'qatar', 'uzbekistan', 'vs', 'arab', 'saudi', 'yang', 'menang', 'uzbekistan', 'maka', 'indonesia', 'akan', 'melawan', 'uzbekistan', 'nanti', 'ayo', 'indonesia', 'menang', 'kan', 'untuk', 'para', 'suporter', 'yang', 'ada', 'di', 'qatar', 'dan', 'di', 'indonesia']]"
ardi_ynshprtm,mrizkyalamsyah01 upssss,2024/04/27 00:19:29,"[['mrizkyalamsyah01', 'upssss']]"
ahmadroyyan___,angkat sby jadi pns,2024/04/27 00:20:23,"[['angkat', 'sby', 'jadi', 'pns']]"
widia.pst,ernando love love kann,2024/04/27 00:24:37,"[['ernando', 'love', 'love', 'kann']]"
vantama81,sandywalsh menyala abang sandy,2024/04/27 00:45:07,"[['sandywalsh', 'menyala', 'abang', 'sandy']]"
zerialgian,menyala indonesia ku,2024/04/26 19:11:39,"[['menyala', 'indonesia', 'ku']]"
aditya_gata,melvintheo naikan gapokkk,2024/04/26 19:11:48,"[['melvintheo', 'naikan', 'gapokkk']]"
shakilanr.h,siapa yg ngajari ini weee sandywalsh,2024/04/26 19:14:04,"[['siapa', 'yg', 'ngajari', 'ini', 'weee', 'sandywalsh']]"
eddi.thamrin,waalaikumsalam warohmatullah wabarokatuh langsung aja ke final dan menjadi juara bro bismillah indonesiapastibisa indonesiajuara,2024/04/26 19:14:08,"[['waalaikumsalam', 'warohmatullah', 'wabarokatuh', 'langsung', 'aja', 'ke', 'final', 'dan', 'menjadi', 'juara', 'bro', 'bismillah', 'indonesiapastibisa', 'indonesiajuara']]"
kaos.jersey.regarsport,custom jersey timnas bisa request namanomor 100 original basic suporter bahan dryfit microdot tunggu apalagi gaasss amankan jersymu sekarang juga info,2024/04/26 19:17:23,"[['custom', 'jersey', 'timnas', 'bisa', 'request', 'namanomor', '100', 'original', 'basic', 'suporter', 'bahan', 'dryfit', 'microdot', 'tunggu', 'apalagi', 'gaasss', 'amankan', 'jersymu', 'sekarang', 'juga', 'info']]"
triwismaningdumadi,fdlirhmn20 bubarcelona,2024/04/26 19:18:00,"[['fdlirhmn20', 'bubarcelona']]"
mithaa.krn,menyala ayangayangkuu,2024/04/26 19:22:17,"[['menyala', 'ayangayangkuu']]"
taneugene11,timnasindonesia terbaik lah guys,2024/04/26 19:23:55,"[['timnasindonesia', 'terbaik', 'lah', 'guys']]"
donlego16,adisunandar8191 intinya jangan dikasih panggung,2024/04/26 19:23:57,"[['adisunandar8191', 'intinya', 'jangan', 'dikasih', 'panggung']]"
sawomatang16,mantap jiwa,2024/04/26 19:31:45,"[['mantap', 'jiwa']]"
fhajianto,congrats,2024/04/26 19:32:58,[['congrats']]
itskfebri_,kalian keren sekaliii,2024/04/26 19:40:12,"[['kalian', 'keren', 'sekaliii']]"
bolagila1994,oke baik,2024/04/26 19:45:40,"[['oke', 'baik']]"
bayu_saputra234,bismillah finall,2024/04/26 19:46:48,"[['bismillah', 'finall']]"
si_ray01,hokii caraka tolong posternya paling belakang nathan jo aon,2024/04/26 19:49:13,"[['hokii', 'caraka', 'tolong', 'posternya', 'paling', 'belakang', 'nathan', 'jo', 'aon']]"
nandullsss,prouddd,2024/04/26 19:51:17,[['prouddd']]
747laporte,seblak vs tokoyaki,2024/04/26 19:54:26,"[['seblak', 'vs', 'tokoyaki']]"
imat_a.h,bung towelll butuh kipas angin,2024/04/26 19:55:21,"[['bung', 'towelll', 'butuh', 'kipas', 'angin']]"
danielparulians,come,2024/04/26 19:59:22,[['come']]
senangdolan_,shik shak shok,2024/04/26 19:59:42,"[['shik', 'shak', 'shok']]"
alvxgrr,bennoprastya yee babeh beno,2024/04/26 20:03:52,"[['bennoprastya', 'yee', 'babeh', 'beno']]"
roman_boy99,fandids17,2024/04/26 20:09:53,[['fandids17']]
meyespujia,alhamdulilah menyala terus,2024/04/26 20:11:03,"[['alhamdulilah', 'menyala', 'terus']]"
dikyharmawan_,indiirahmawatii,2024/04/26 20:12:19,[['indiirahmawatii']]
strwvrry.bts,waalaikumsalam garudaku sehatsehat selalu untuk kalian,2024/04/26 20:16:08,"[['waalaikumsalam', 'garudaku', 'sehatsehat', 'selalu', 'untuk', 'kalian']]"
diesaradias,amazingtasikmalaya semi final kudu nonton bareng di perempatan alun2 kota min tolong di rekomendasi kan ke pihak tertentu,2024/04/26 20:24:13,"[['amazingtasikmalaya', 'semi', 'final', 'kudu', 'nonton', 'bareng', 'di', 'perempatan', 'alun2', 'kota', 'min', 'tolong', 'di', 'rekomendasi', 'kan', 'ke', 'pihak', 'tertentu']]"
diesaradias,wowtasikmalaya nonton bareng ke semifinal di perempatan alun2 kota min,2024/04/26 20:25:08,"[['wowtasikmalaya', 'nonton', 'bareng', 'ke', 'semifinal', 'di', 'perempatan', 'alun2', 'kota', 'min']]"
spartakselection,proud,2024/04/26 20:30:28,[['proud']]
hanyaakudanhobiku,rafaelstruick kau membuktikan kepada mereka yang mencibirmu manyala kakak,2024/04/26 20:34:18,"[['rafaelstruick', 'kau', 'membuktikan', 'kepada', 'mereka', 'yang', 'mencibirmu', 'manyala', 'kakak']]"
megiiian_,waalaikumussalam menyalaaa abangkuuu,2024/04/26 20:35:02,"[['waalaikumussalam', 'menyalaaa', 'abangkuuu']]"
e.k_pray,henryamidjaya hahaha sigana keur neangan bahan siga bung handuk,2024/04/26 20:37:01,"[['henryamidjaya', 'hahaha', 'sigana', 'keur', 'neangan', 'bahan', 'siga', 'bung', 'handuk']]"
farhanmaissa_,gokilllll terbang tinggi garudaa,2024/04/26 20:49:56,"[['gokilllll', 'terbang', 'tinggi', 'garudaa']]"
update_baliunited,terbangtinggiindonesia,2024/04/26 20:50:31,[['terbangtinggiindonesia']]
roy_ziekin,kok jeru,2024/04/26 20:55:34,"[['kok', 'jeru']]"
bravooleholehkendari,bravo timnas,2024/04/26 20:57:03,"[['bravo', 'timnas']]"
allysaaac,ayurskylstry wkwkwk yakan,2024/04/26 21:06:25,"[['ayurskylstry', 'wkwkwk', 'yakan']]"
adelweissss_,masyaallah alhamdulillah,2024/04/26 21:10:07,"[['masyaallah', 'alhamdulillah']]"
dewanggrrr,monyengilmns gekk ngdate mbe aku dadi gak meluuu,2024/04/26 21:10:22,"[['monyengilmns', 'gekk', 'ngdate', 'mbe', 'aku', 'dadi', 'gak', 'meluuu']]"
hendrybinjalal,selamat berjuang lg jangan lengah,2024/04/26 21:16:27,"[['selamat', 'berjuang', 'lg', 'jangan', 'lengah']]"
_twhyniii_,doa sepertiga malam masyarakat indonesia proud timnas indonesia,2024/04/26 18:13:45,"[['doa', 'sepertiga', 'malam', 'masyarakat', 'indonesia', 'proud', 'timnas', 'indonesia']]"
yuni_dwi19,waalaikumsalam menyala,2024/04/26 18:14:12,"[['waalaikumsalam', 'menyala']]"
mis_ran05,ekopajie telpon argentina,2024/04/26 18:14:30,"[['ekopajie', 'telpon', 'argentina']]"
gladiusbillar,deorizafi anjay aya tukang mpe mpe,2024/04/26 18:16:56,"[['deorizafi', 'anjay', 'aya', 'tukang', 'mpe', 'mpe']]"
daviisnawan,fitria17i gelisah doang gk bisa tidur,2024/04/26 18:18:39,"[['fitria17i', 'gelisah', 'doang', 'gk', 'bisa', 'tidur']]"
roydmanuel,kurang sedikit lagi jadi juara yakin percaya garuda bisa jadi jawara,2024/04/26 18:19:07,"[['kurang', 'sedikit', 'lagi', 'jadi', 'juara', 'yakin', 'percaya', 'garuda', 'bisa', 'jadi', 'jawara']]"
saipulabdulrozaq20,timnasindonesia tetap ilmu beras adik adik makin kesini semakin mahal,2024/04/26 18:20:30,"[['timnasindonesia', 'tetap', 'ilmu', 'beras', 'adik', 'adik', 'makin', 'kesini', 'semakin', 'mahal']]"
azfanthnn,kece ceuk,2024/04/26 18:22:46,"[['kece', 'ceuk']]"
sofa_elfa17,alhamdulillahselamat syg,2024/04/26 18:23:40,"[['alhamdulillahselamat', 'syg']]"
ganjritnackall_,kesalahan taehyung ga dimainin,2024/04/26 18:24:37,"[['kesalahan', 'taehyung', 'ga', 'dimainin']]"
devina123102,info kost daerah paris guys budget 200k minimal deket stadion olimpiade,2024/04/26 18:25:00,"[['info', 'kost', 'daerah', 'paris', 'guys', 'budget', '200k', 'minimal', 'deket', 'stadion', 'olimpiade']]"
syahrul_39,alhamdulillah,2024/04/26 18:25:12,[['alhamdulillah']]
andreee.14_,putrasiregarr17 yang kemarin dikasi vespa kalau juara afc kasi apa papi,2024/04/26 18:25:13,"[['putrasiregarr17', 'yang', 'kemarin', 'dikasi', 'vespa', 'kalau', 'juara', 'afc', 'kasi', 'apa', 'papi']]"
naraashrn,prouddd,2024/04/26 18:25:44,[['prouddd']]
somantriadeari,muhammadfikridabutar wkwk guru maneh lin,2024/04/26 18:26:12,"[['muhammadfikridabutar', 'wkwk', 'guru', 'maneh', 'lin']]"
wenhardianto_,anyonestore laing ye kodean pengengat ne korea,2024/04/26 18:31:55,"[['anyonestore', 'laing', 'ye', 'kodean', 'pengengat', 'ne', 'korea']]"
suprayoffset,walaikumsalam,2024/04/26 18:35:16,[['walaikumsalam']]
gilaaaangfr,proud,2024/04/26 18:37:53,[['proud']]
gilaaaangfr,jangan tinggi tinggi bolo,2024/04/26 18:38:03,"[['jangan', 'tinggi', 'tinggi', 'bolo']]"
khri09_,raazlee adohnya dolane,2024/04/26 18:38:16,"[['raazlee', 'adohnya', 'dolane']]"
auline_dumpp,ayooo,2024/04/26 18:44:02,[['ayooo']]
lutfiarya.h.p,irfadhilz langsung ke pelabuhan panjang aja kita ikut kapal barang yg ke paris,2024/04/26 18:44:18,"[['irfadhilz', 'langsung', 'ke', 'pelabuhan', 'panjang', 'aja', 'kita', 'ikut', 'kapal', 'barang', 'yg', 'ke', 'paris']]"
mhmmdnyrdna,ngeriyip bangga ddi wong indonesia,2024/04/26 18:45:39,"[['ngeriyip', 'bangga', 'ddi', 'wong', 'indonesia']]"
irfadhilz,lutfiaryahp badan dilumurin arang dulu bang biar disangka imigran jadi ga ketauan berotak dungu,2024/04/26 18:47:14,"[['lutfiaryahp', 'badan', 'dilumurin', 'arang', 'dulu', 'bang', 'biar', 'disangka', 'imigran', 'jadi', 'ga', 'ketauan', 'berotak', 'dungu']]"
yanti.chints,sandywalsh,2024/04/26 18:47:45,[['sandywalsh']]
yanti.chints,shinjaewon77,2024/04/26 18:48:13,[['shinjaewon77']]
vectorsni96,menyalanyala,2024/04/26 18:49:50,[['menyalanyala']]
adiiiiit_99,debut semi final,2024/04/26 18:51:07,"[['debut', 'semi', 'final']]"
chelseagariskerass,bilangin ke argentina king indo mau rematch,2024/04/26 18:52:15,"[['bilangin', 'ke', 'argentina', 'king', 'indo', 'mau', 'rematch']]"
frengkykalit,irwikaila wkwkwk belum dikubur ya dek dia,2024/04/26 18:53:05,"[['irwikaila', 'wkwkwk', 'belum', 'dikubur', 'ya', 'dek', 'dia']]"
fitri_a17i,daviisnawan wkkwkw gw dah panas dingin,2024/04/26 18:54:08,"[['daviisnawan', 'wkkwkw', 'gw', 'dah', 'panas', 'dingin']]"
dimsp21_,alhamdulillah merdeka,2024/04/26 18:54:27,"[['alhamdulillah', 'merdeka']]"
allulaz2ahra_,menyalahhh sayangkuuhhh,2024/04/26 18:55:35,"[['menyalahhh', 'sayangkuuhhh']]"
kang_soni99,min timnasindonesia kpan kick semifinal,2024/04/26 18:55:42,"[['min', 'timnasindonesia', 'kpan', 'kick', 'semifinal']]"
im_dwee,foryourpage0 air mata kebahagiaan,2024/04/26 18:56:17,"[['foryourpage0', 'air', 'mata', 'kebahagiaan']]"
bgsanryyy,jayidzes bangjay,2024/04/26 18:58:35,"[['jayidzes', 'bangjay']]"
leo_abe,waallaikumussalam menyala abg2 kuhhh,2024/04/26 18:59:28,"[['waallaikumussalam', 'menyala', 'abg2', 'kuhhh']]"
ngeriyip,mhmmdnyrdna kampung baru,2024/04/26 18:59:33,"[['mhmmdnyrdna', 'kampung', 'baru']]"
8183_muhammad,alhamdulillah ke semifinal,2024/04/26 18:59:34,"[['alhamdulillah', 'ke', 'semifinal']]"
bennoprastya,alvxgrr sok asik,2024/04/26 18:59:42,"[['alvxgrr', 'sok', 'asik']]"
obiirm_,akira0637 wel,2024/04/26 19:02:28,"[['akira0637', 'wel']]"
yaaasshhh02,kapan semi final nya bang,2024/04/26 19:02:47,"[['kapan', 'semi', 'final', 'nya', 'bang']]"
ahmdsellosptr,go0liyaan menyala abangkuuhhh,2024/04/26 19:05:30,"[['go0liyaan', 'menyala', 'abangkuuhhh']]"
wahyuj95,shinjaewon77 ini doa mu lee,2024/04/26 19:05:55,"[['shinjaewon77', 'ini', 'doa', 'mu', 'lee']]"
wahyuj95,bulekwofficial lah preman gw mampir kesini sehatsehat bang,2024/04/26 19:07:59,"[['bulekwofficial', 'lah', 'preman', 'gw', 'mampir', 'kesini', 'sehatsehat', 'bang']]"
derryabdullah01,goo indonesia,2024/04/26 19:08:21,"[['goo', 'indonesia']]"
fadli.grbnrd,otw juaraa,2024/04/26 17:27:30,"[['otw', 'juaraa']]"
sofimuzdlfh,semangat abangku,2024/04/26 17:30:24,"[['semangat', 'abangku']]"
jeha_a17,mantap timnas semoga nanti di semifinal menang lg dan masuk final aamiin,2024/04/26 17:31:20,"[['mantap', 'timnas', 'semoga', 'nanti', 'di', 'semifinal', 'menang', 'lg', 'dan', 'masuk', 'final', 'aamiin']]"
onochelsea,menyala,2024/04/26 17:33:42,[['menyala']]
wildo.vblla_,bang jeb ngeprank justinhubner5,2024/04/26 17:35:23,"[['bang', 'jeb', 'ngeprank', 'justinhubner5']]"
kulo_akmal,ernandoemiliano,2024/04/26 17:36:05,[['ernandoemiliano']]
666xakbar,muhammadfiqihh buset rematch,2024/04/26 17:36:15,"[['muhammadfiqihh', 'buset', 'rematch']]"
vnnovr,ssukm444 menyalaaa,2024/04/26 17:41:10,"[['ssukm444', 'menyalaaa']]"
kyyx_14,30 panggilan dari argentina,2024/04/26 17:44:15,"[['30', 'panggilan', 'dari', 'argentina']]"
anyonestore,wenhardianto gne ku besiak kance suporter korsel mule ye ngoloang bejulu soalne pas ndk tame sik lok hubner tp untong ne te ulang,2024/04/26 17:45:18,"[['wenhardianto', 'gne', 'ku', 'besiak', 'kance', 'suporter', 'korsel', 'mule', 'ye', 'ngoloang', 'bejulu', 'soalne', 'pas', 'ndk', 'tame', 'sik', 'lok', 'hubner', 'tp', 'untong', 'ne', 'te', 'ulang']]"
dew_krsna,uhuyy,2024/04/26 17:45:26,[['uhuyy']]
farhan.mincepen__,menyala timnasku meskipun tapi malam agak greget nonton nya dan banyak drama tapi top cer lah pokoknya,2024/04/26 17:45:48,"[['menyala', 'timnasku', 'meskipun', 'tapi', 'malam', 'agak', 'greget', 'nonton', 'nya', 'dan', 'banyak', 'drama', 'tapi', 'top', 'cer', 'lah', 'pokoknya']]"
fickyvimbiyanti,alhamdulillah selamat,2024/04/26 17:47:35,"[['alhamdulillah', 'selamat']]"
uncledms_,panitia olimpiade paris tolong siap² download lagu indonesia raya ya,2024/04/26 17:47:44,"[['panitia', 'olimpiade', 'paris', 'tolong', 'siap²', 'download', 'lagu', 'indonesia', 'raya', 'ya']]"
ayusoniadesi.m,a5lvlv menyalaa timnaskuuu,2024/04/26 17:47:56,"[['a5lvlv', 'menyalaa', 'timnaskuuu']]"
dikasembiring94,ferysh turu lee,2024/04/26 17:48:40,"[['ferysh', 'turu', 'lee']]"
dhetaagst,lettsgoww,2024/04/26 17:50:23,[['lettsgoww']]
wi_mhn7,terbaik,2024/04/26 17:53:26,[['terbaik']]
fitri_a17i,daviisnawan jantung aman,2024/04/26 17:56:48,"[['daviisnawan', 'jantung', 'aman']]"
jakaap_20,lest go,2024/04/26 17:58:01,"[['lest', 'go']]"
pliiamd,kingg indo,2024/04/26 17:58:50,"[['kingg', 'indo']]"
sukiyakie79,semangat buat rakyat indonesia bahagia,2024/04/26 18:01:40,"[['semangat', 'buat', 'rakyat', 'indonesia', 'bahagia']]"
syamsulrosyid,rahardyanputraw nggih browh,2024/04/26 18:03:20,"[['rahardyanputraw', 'nggih', 'browh']]"
asri_alfarizi93,alhamdulilah indonesia memang juara,2024/04/26 18:03:38,"[['alhamdulilah', 'indonesia', 'memang', 'juara']]"
olgansrn13,menyala abang abangkuhhh,2024/04/26 18:03:55,"[['menyala', 'abang', 'abangkuhhh']]"
jehanpahlaaa,gini rasanya punya negara jago,2024/04/26 18:04:46,"[['gini', 'rasanya', 'punya', 'negara', 'jago']]"
rizqirmdnnn,lfg,2024/04/26 18:05:09,[['lfg']]
yowaneza,trimakasih semuanya,2024/04/26 18:05:43,"[['trimakasih', 'semuanya']]"
zainalmuttaqin230902,mtaftazzz semoga sampai juara,2024/04/26 18:06:12,"[['mtaftazzz', 'semoga', 'sampai', 'juara']]"
eyyyonaa,yokk bisa yok finall bismillah insyaallah,2024/04/26 18:07:55,"[['yokk', 'bisa', 'yok', 'finall', 'bismillah', 'insyaallah']]"
aswatunkhasanah_18,kerennn indonesia,2024/04/26 18:09:27,"[['kerennn', 'indonesia']]"
putriwulandari_99,bestt,2024/04/26 18:09:37,[['bestt']]
irfadhilz,lutfiaryahp gas bang otw paris kita charter angkot kemiling patungan bensin,2024/04/26 18:10:04,"[['lutfiaryahp', 'gas', 'bang', 'otw', 'paris', 'kita', 'charter', 'angkot', 'kemiling', 'patungan', 'bensin']]"
muslimgareng,alhamdulillah,2024/04/26 18:13:40,[['alhamdulillah']]
anggaradazzz,spasogol,2024/04/26 16:22:20,[['spasogol']]
nazrielhackim_,semalaman gak tidur gegara timnas heee,2024/04/26 16:25:49,"[['semalaman', 'gak', 'tidur', 'gegara', 'timnas', 'heee']]"
pendosa_hebat87,jordiamat5 bang saya kerja di johor malaysia juga bisa lah kita ketemuan bang,2024/04/26 16:26:46,"[['jordiamat5', 'bang', 'saya', 'kerja', 'di', 'johor', 'malaysia', 'juga', 'bisa', 'lah', 'kita', 'ketemuan', 'bang']]"
pendosa_hebat87,waseemsway jangan lupa juni ke gbk jakarta lawan irak bang,2024/04/26 16:28:27,"[['waseemsway', 'jangan', 'lupa', 'juni', 'ke', 'gbk', 'jakarta', 'lawan', 'irak', 'bang']]"
asminmimin20,ewakooo garuda muda,2024/04/26 16:29:49,"[['ewakooo', 'garuda', 'muda']]"
pendosa_hebat87,menyala abangku,2024/04/26 16:30:01,"[['menyala', 'abangku']]"
todayis.nis,congratulations abang²ku,2024/04/26 16:33:35,"[['congratulations', 'abang²ku']]"
rudyunardi,ayo bisa masuk final,2024/04/26 16:34:21,"[['ayo', 'bisa', 'masuk', 'final']]"
yulxxry06,menyala timnaskuu,2024/04/26 16:40:16,"[['menyala', 'timnaskuu']]"
indra_march,kalian luar biasaaa salut buat perjuangan kalian garuda muda,2024/04/26 16:42:07,"[['kalian', 'luar', 'biasaaa', 'salut', 'buat', 'perjuangan', 'kalian', 'garuda', 'muda']]"
fizaljhim,bangga,2024/04/26 16:43:32,[['bangga']]
lulukey21,waalaikumsalam garuda,2024/04/26 16:45:03,"[['waalaikumsalam', 'garuda']]"
ahmad_arievht,alhamdulillah meskipun senam jantung luar biasa,2024/04/26 16:45:42,"[['alhamdulillah', 'meskipun', 'senam', 'jantung', 'luar', 'biasa']]"
02vbry_,manyalaaa garudaa,2024/04/26 16:45:43,"[['manyalaaa', 'garudaa']]"
lintangaleshena,manyala abangkuuu,2024/04/26 16:46:07,"[['manyala', 'abangkuuu']]"
singularyvth,congratssss,2024/04/26 16:49:15,[['congratssss']]
kurniawan78_,bangga,2024/04/26 16:50:00,[['bangga']]
boyandhika7,kita ratakan semua sampai juara,2024/04/26 16:50:17,"[['kita', 'ratakan', 'semua', 'sampai', 'juara']]"
m.khafidz.alhadi,jengngokss uwaraw,2024/04/26 16:52:15,"[['jengngokss', 'uwaraw']]"
npsfkhri,madaleneee matamu,2024/04/26 16:54:37,"[['madaleneee', 'matamu']]"
_henihenhen,kereen timnasku ini,2024/04/26 16:56:46,"[['kereen', 'timnasku', 'ini']]"
ivan_spd,insyaallah juara aamiin,2024/04/26 17:02:10,"[['insyaallah', 'juara', 'aamiin']]"
sofwancoco,mantappp garuda kuuuuuu,2024/04/26 17:04:29,"[['mantappp', 'garuda', 'kuuuuuu']]"
dindarska_,sandywalsh,2024/04/26 17:05:11,[['sandywalsh']]
ali.akbar2612,nadyasyhrr emang begadang lu,2024/04/26 17:05:29,"[['nadyasyhrr', 'emang', 'begadang', 'lu']]"
mereketehe212,klw jamannya pak ibul mh pasti photonya dia paling gede,2024/04/26 17:09:55,"[['klw', 'jamannya', 'pak', 'ibul', 'mh', 'pasti', 'photonya', 'dia', 'paling', 'gede']]"
septiviaaaa,mantappp,2024/04/26 17:12:28,[['mantappp']]
kristia.hermawan,variobapak2 hehe timnasnya lah yang diikuti bukan towel,2024/04/26 17:13:26,"[['variobapak2', 'hehe', 'timnasnya', 'lah', 'yang', 'diikuti', 'bukan', 'towel']]"
bang_jo836,sudah waktunya garuda terbang lebih tinggimenyala abangq semuanya,2024/04/26 17:13:54,"[['sudah', 'waktunya', 'garuda', 'terbang', 'lebih', 'tinggimenyala', 'abangq', 'semuanya']]"
grandong7725,telolet min,2024/04/26 17:14:57,"[['telolet', 'min']]"
anisahafidin,farhanhafidinnn,2024/04/26 17:15:17,[['farhanhafidinnn']]
niskala_wastu.kencana,lord arkhan fikri rusuh bgt pas trakhir,2024/04/26 17:15:18,"[['lord', 'arkhan', 'fikri', 'rusuh', 'bgt', 'pas', 'trakhir']]"
risqijun,semoga terwujud impian masyarakat indonesiainsallah tembus final,2024/04/26 17:16:07,"[['semoga', 'terwujud', 'impian', 'masyarakat', 'indonesiainsallah', 'tembus', 'final']]"
friskyindra_,hwang sun hong buka google oleh oleh khas qatar,2024/04/26 17:17:13,"[['hwang', 'sun', 'hong', 'buka', 'google', 'oleh', 'oleh', 'khas', 'qatar']]"
acaauyy__,june come,2024/04/26 17:17:31,"[['june', 'come']]"
arii_salman,hahaha jumat berkah,2024/04/26 17:19:12,"[['hahaha', 'jumat', 'berkah']]"
raden_caesar125,menyalaaaaa,2024/04/26 17:21:30,[['menyalaaaaa']]
khamaliando,sigitmdyt eh asli tunduh git wkwkwk,2024/04/26 17:22:17,"[['sigitmdyt', 'eh', 'asli', 'tunduh', 'git', 'wkwkwk']]"
muhsaputraaa_,terimakasih buat timnas telah membuat bangga warga indonesia buat mbah dukun thanks juga udah memberi bantuan lewat jalur jauh,2024/04/26 17:26:43,"[['terimakasih', 'buat', 'timnas', 'telah', 'membuat', 'bangga', 'warga', 'indonesia', 'buat', 'mbah', 'dukun', 'thanks', 'juga', 'udah', 'memberi', 'bantuan', 'lewat', 'jalur', 'jauh']]"
anggaradazzz,spasogol,2024/04/26 16:22:20,[['spasogol']]
nazrielhackim_,semalaman gak tidur gegara timnas heee,2024/04/26 16:25:49,"[['semalaman', 'gak', 'tidur', 'gegara', 'timnas', 'heee']]"
pendosa_hebat87,jordiamat5 bang saya kerja di johor malaysia juga bisa lah kita ketemuan bang,2024/04/26 16:26:46,"[['jordiamat5', 'bang', 'saya', 'kerja', 'di', 'johor', 'malaysia', 'juga', 'bisa', 'lah', 'kita', 'ketemuan', 'bang']]"
pendosa_hebat87,waseemsway jangan lupa juni ke gbk jakarta lawan irak bang,2024/04/26 16:28:27,"[['waseemsway', 'jangan', 'lupa', 'juni', 'ke', 'gbk', 'jakarta', 'lawan', 'irak', 'bang']]"
asminmimin20,ewakooo garuda muda,2024/04/26 16:29:49,"[['ewakooo', 'garuda', 'muda']]"
pendosa_hebat87,menyala abangku,2024/04/26 16:30:01,"[['menyala', 'abangku']]"
todayis.nis,congratulations abang²ku,2024/04/26 16:33:35,"[['congratulations', 'abang²ku']]"
rudyunardi,ayo bisa masuk final,2024/04/26 16:34:21,"[['ayo', 'bisa', 'masuk', 'final']]"
yulxxry06,menyala timnaskuu,2024/04/26 16:40:16,"[['menyala', 'timnaskuu']]"
indra_march,kalian luar biasaaa salut buat perjuangan kalian garuda muda,2024/04/26 16:42:07,"[['kalian', 'luar', 'biasaaa', 'salut', 'buat', 'perjuangan', 'kalian', 'garuda', 'muda']]"
fizaljhim,bangga,2024/04/26 16:43:32,[['bangga']]
lulukey21,waalaikumsalam garuda,2024/04/26 16:45:03,"[['waalaikumsalam', 'garuda']]"
ahmad_arievht,alhamdulillah meskipun senam jantung luar biasa,2024/04/26 16:45:42,"[['alhamdulillah', 'meskipun', 'senam', 'jantung', 'luar', 'biasa']]"
02vbry_,manyalaaa garudaa,2024/04/26 16:45:43,"[['manyalaaa', 'garudaa']]"
lintangaleshena,manyala abangkuuu,2024/04/26 16:46:07,"[['manyala', 'abangkuuu']]"
singularyvth,congratssss,2024/04/26 16:49:15,[['congratssss']]
kurniawan78_,bangga,2024/04/26 16:50:00,[['bangga']]
boyandhika7,kita ratakan semua sampai juara,2024/04/26 16:50:17,"[['kita', 'ratakan', 'semua', 'sampai', 'juara']]"
m.khafidz.alhadi,jengngokss uwaraw,2024/04/26 16:52:15,"[['jengngokss', 'uwaraw']]"
npsfkhri,madaleneee matamu,2024/04/26 16:54:37,"[['madaleneee', 'matamu']]"
_henihenhen,kereen timnasku ini,2024/04/26 16:56:46,"[['kereen', 'timnasku', 'ini']]"
ivan_spd,insyaallah juara aamiin,2024/04/26 17:02:10,"[['insyaallah', 'juara', 'aamiin']]"
sofwancoco,mantappp garuda kuuuuuu,2024/04/26 17:04:29,"[['mantappp', 'garuda', 'kuuuuuu']]"
dindarska_,sandywalsh,2024/04/26 17:05:11,[['sandywalsh']]
ali.akbar2612,nadyasyhrr emang begadang lu,2024/04/26 17:05:29,"[['nadyasyhrr', 'emang', 'begadang', 'lu']]"
mereketehe212,klw jamannya pak ibul mh pasti photonya dia paling gede,2024/04/26 17:09:55,"[['klw', 'jamannya', 'pak', 'ibul', 'mh', 'pasti', 'photonya', 'dia', 'paling', 'gede']]"
septiviaaaa,mantappp,2024/04/26 17:12:28,[['mantappp']]
kristia.hermawan,variobapak2 hehe timnasnya lah yang diikuti bukan towel,2024/04/26 17:13:26,"[['variobapak2', 'hehe', 'timnasnya', 'lah', 'yang', 'diikuti', 'bukan', 'towel']]"
bang_jo836,sudah waktunya garuda terbang lebih tinggimenyala abangq semuanya,2024/04/26 17:13:54,"[['sudah', 'waktunya', 'garuda', 'terbang', 'lebih', 'tinggimenyala', 'abangq', 'semuanya']]"
grandong7725,telolet min,2024/04/26 17:14:57,"[['telolet', 'min']]"
anisahafidin,farhanhafidinnn,2024/04/26 17:15:17,[['farhanhafidinnn']]
niskala_wastu.kencana,lord arkhan fikri rusuh bgt pas trakhir,2024/04/26 17:15:18,"[['lord', 'arkhan', 'fikri', 'rusuh', 'bgt', 'pas', 'trakhir']]"
risqijun,semoga terwujud impian masyarakat indonesiainsallah tembus final,2024/04/26 17:16:07,"[['semoga', 'terwujud', 'impian', 'masyarakat', 'indonesiainsallah', 'tembus', 'final']]"
friskyindra_,hwang sun hong buka google oleh oleh khas qatar,2024/04/26 17:17:13,"[['hwang', 'sun', 'hong', 'buka', 'google', 'oleh', 'oleh', 'khas', 'qatar']]"
acaauyy__,june come,2024/04/26 17:17:31,"[['june', 'come']]"
arii_salman,hahaha jumat berkah,2024/04/26 17:19:12,"[['hahaha', 'jumat', 'berkah']]"
raden_caesar125,menyalaaaaa,2024/04/26 17:21:30,[['menyalaaaaa']]
khamaliando,sigitmdyt eh asli tunduh git wkwkwk,2024/04/26 17:22:17,"[['sigitmdyt', 'eh', 'asli', 'tunduh', 'git', 'wkwkwk']]"
muhsaputraaa_,terimakasih buat timnas telah membuat bangga warga indonesia buat mbah dukun thanks juga udah memberi bantuan lewat jalur jauh,2024/04/26 17:26:43,"[['terimakasih', 'buat', 'timnas', 'telah', 'membuat', 'bangga', 'warga', 'indonesia', 'buat', 'mbah', 'dukun', 'thanks', 'juga', 'udah', 'memberi', 'bantuan', 'lewat', 'jalur', 'jauh']]"
uwaisbinyos,bbitchess6 gara gara ngantukyaa wkwkwk,2024/04/26 15:52:00,"[['bbitchess6', 'gara', 'gara', 'ngantukyaa', 'wkwkwk']]"
m.alpariji_iki,bangjenggotid martinez,2024/04/26 15:53:27,"[['bangjenggotid', 'martinez']]"
somantriadeari,muhammadfikridabutar gimana gimana kinerja sty wenak kan,2024/04/26 15:54:39,"[['muhammadfikridabutar', 'gimana', 'gimana', 'kinerja', 'sty', 'wenak', 'kan']]"
oncom_merah,wasit rada bnr ini kli,2024/04/26 15:54:55,"[['wasit', 'rada', 'bnr', 'ini', 'kli']]"
ariiwayang,mantap,2024/04/26 15:55:21,[['mantap']]
oncom_merah,riofajarkcolongan mulu,2024/04/26 15:56:05,"[['riofajarkcolongan', 'mulu']]"
paijo_tukimin,riezalyrahman,2024/04/26 15:56:17,[['riezalyrahman']]
ailn0214,papashakilcalief ngantuk berat ga ngaruh wirrr yang penting indonesia menang,2024/04/26 15:56:26,"[['papashakilcalief', 'ngantuk', 'berat', 'ga', 'ngaruh', 'wirrr', 'yang', 'penting', 'indonesia', 'menang']]"
biansuperboy,menyalaa,2024/04/26 15:56:49,[['menyalaa']]
m.aghazi1,shinjaewon77,2024/04/26 15:57:06,[['shinjaewon77']]
ariiwayang,top,2024/04/26 15:57:20,[['top']]
leogirls_50,menyala garuda kuu,2024/04/26 15:57:44,"[['menyala', 'garuda', 'kuu']]"
rvnnnner87,assalamualaikum,2024/04/26 15:58:11,[['assalamualaikum']]
m.aghazi1,jordiamat5 senior otw round3 juni capt,2024/04/26 15:58:19,"[['jordiamat5', 'senior', 'otw', 'round3', 'juni', 'capt']]"
vnilllzwek,papa fano,2024/04/26 16:03:14,"[['papa', 'fano']]"
turrturuuu,bungtowel8 keren gaa timnas guee,2024/04/26 16:03:46,"[['bungtowel8', 'keren', 'gaa', 'timnas', 'guee']]"
dwpraab,dellyop wkwkw terhura del,2024/04/26 16:04:02,"[['dellyop', 'wkwkw', 'terhura', 'del']]"
adoregirllll,bismillah telpon paris suruh download mp3 indonesia raya,2024/04/26 16:04:17,"[['bismillah', 'telpon', 'paris', 'suruh', 'download', 'mp3', 'indonesia', 'raya']]"
muhammad_fikri_dabutar,somantriadeari barisan towel,2024/04/26 16:04:30,"[['somantriadeari', 'barisan', 'towel']]"
afifahmuslimah_,kelas abangku,2024/04/26 16:04:49,"[['kelas', 'abangku']]"
zekklee,ayeeeee07 uyeee,2024/04/26 16:05:08,"[['ayeeeee07', 'uyeee']]"
afinalinaaa,chinncilaa wkwkwkwkw,2024/04/26 16:07:15,"[['chinncilaa', 'wkwkwkwkw']]"
delly_op,dwpraab towel towel mano,2024/04/26 16:08:00,"[['dwpraab', 'towel', 'towel', 'mano']]"
u.sulistyo,sandywalsh ilmu padi abangkuuh,2024/04/26 16:09:05,"[['sandywalsh', 'ilmu', 'padi', 'abangkuuh']]"
alisyafii915,widianii27 waduh kak maaf aku lupa bangunin kamu karena aku pikir kamu pasang alarm,2024/04/26 16:13:05,"[['widianii27', 'waduh', 'kak', 'maaf', 'aku', 'lupa', 'bangunin', 'kamu', 'karena', 'aku', 'pikir', 'kamu', 'pasang', 'alarm']]"
alisyafii915,chintyazm kalo ini cuman mimpi tolong bangunin aku ya kak,2024/04/26 16:14:06,"[['chintyazm', 'kalo', 'ini', 'cuman', 'mimpi', 'tolong', 'bangunin', 'aku', 'ya', 'kak']]"
rohmansyahputra441,bangga,2024/04/26 16:16:23,[['bangga']]
loviezaay,super proud,2024/04/26 16:17:21,"[['super', 'proud']]"
edi_suhe,bagusadii10 alhamdulillah bg cetak sejarah,2024/04/26 16:17:38,"[['bagusadii10', 'alhamdulillah', 'bg', 'cetak', 'sejarah']]"
anggaradazzz,sandywalsh,2024/04/26 16:17:42,[['sandywalsh']]
anggaradazzz,jordiamat5,2024/04/26 16:17:51,[['jordiamat5']]
riantriana115,korea keok,2024/04/26 16:18:00,"[['korea', 'keok']]"
bocahhilang13,jidadmulicin qavar udah balik duluan naik gojek bang,2024/04/26 16:18:34,"[['jidadmulicin', 'qavar', 'udah', 'balik', 'duluan', 'naik', 'gojek', 'bang']]"
riantriana115,vietnam malaysia sama thailand ko gak maen maen,2024/04/26 16:19:43,"[['vietnam', 'malaysia', 'sama', 'thailand', 'ko', 'gak', 'maen', 'maen']]"
why.prtamaaa,worow0ro iyo iyo mbak woro,2024/04/26 16:19:48,"[['worow0ro', 'iyo', 'iyo', 'mbak', 'woro']]"
irjgfr,bungtowel8,2024/04/26 16:21:25,[['bungtowel8']]
rifkanh537,gas terus,2024/04/26 16:21:37,"[['gas', 'terus']]"
maung_bulao339,emiernardo arimartinez,2024/04/26 16:22:16,"[['emiernardo', 'arimartinez']]"
kimmsaj17,hrhmann lu ga nonton diem,2024/04/26 16:22:18,"[['hrhmann', 'lu', 'ga', 'nonton', 'diem']]"
sulastri25280,alhamdulillah,2024/04/26 15:07:01,[['alhamdulillah']]
cantkhvrf,proud,2024/04/26 15:08:23,[['proud']]
wafaikmilarizki,asli ngadak2 marules jantung meni carangkeul,2024/04/26 15:10:18,"[['asli', 'ngadak2', 'marules', 'jantung', 'meni', 'carangkeul']]"
ahmdfadllhh_,jhunataletra siapp sama sama,2024/04/26 15:11:30,"[['jhunataletra', 'siapp', 'sama', 'sama']]"
ctrraauliia,menyalah timnas,2024/04/26 15:14:36,"[['menyalah', 'timnas']]"
randiaristandi,sandywalsh mantap,2024/04/26 15:17:31,"[['sandywalsh', 'mantap']]"
randiaristandi,jayidzes,2024/04/26 15:17:47,[['jayidzes']]
balkykrenda,vamossssssss,2024/04/26 15:18:53,[['vamossssssss']]
ailn0214,papashakilcalief boleh tuhhh ntar kan jamaah sholat jumat yg berbahagia,2024/04/26 15:20:39,"[['papashakilcalief', 'boleh', 'tuhhh', 'ntar', 'kan', 'jamaah', 'sholat', 'jumat', 'yg', 'berbahagia']]"
wahyutama061,randiisraa kita coba lagi ya kata wasitnya,2024/04/26 15:21:27,"[['randiisraa', 'kita', 'coba', 'lagi', 'ya', 'kata', 'wasitnya']]"
n.bee78,waalaikumsalam anak anak bangsa mari masuk sini nak tu tiket semi final sudah menunggu di beranda bersama tiket final,2024/04/26 15:21:41,"[['waalaikumsalam', 'anak', 'anak', 'bangsa', 'mari', 'masuk', 'sini', 'nak', 'tu', 'tiket', 'semi', 'final', 'sudah', 'menunggu', 'di', 'beranda', 'bersama', 'tiket', 'final']]"
fa_uzan2127,yang bela nonton tp subuh nya ketinggalan sini ngumpul,2024/04/26 15:23:03,"[['yang', 'bela', 'nonton', 'tp', 'subuh', 'nya', 'ketinggalan', 'sini', 'ngumpul']]"
zskia_karn,im proud guys,2024/04/26 15:23:35,"[['im', 'proud', 'guys']]"
vionamhosie95,ga sabarr,2024/04/26 15:24:54,"[['ga', 'sabarr']]"
sukmawtii_,bangga,2024/04/26 15:25:48,[['bangga']]
papa_shakilcalief,ailn0214 auto kagak ada yg ngantuk walau begadang karena indonesia menang,2024/04/26 15:28:43,"[['ailn0214', 'auto', 'kagak', 'ada', 'yg', 'ngantuk', 'walau', 'begadang', 'karena', 'indonesia', 'menang']]"
nrslimm27,king siap remacth lawan argentina,2024/04/26 15:29:37,"[['king', 'siap', 'remacth', 'lawan', 'argentina']]"
massebitt15,waalaikumsalam,2024/04/26 15:29:45,[['waalaikumsalam']]
daus_moms,waalaikum salam selanjutnya grand finalsaya doakan menang terusaamiin,2024/04/26 15:30:22,"[['waalaikum', 'salam', 'selanjutnya', 'grand', 'finalsaya', 'doakan', 'menang', 'terusaamiin']]"
masnar.16,milaaa1408 otw paris,2024/04/26 15:32:03,"[['milaaa1408', 'otw', 'paris']]"
firmanfirdaus3107,mainin bagas,2024/04/26 15:34:02,"[['mainin', 'bagas']]"
farezftr_,menyala garudakuu,2024/04/26 15:37:42,"[['menyala', 'garudakuu']]"
dedimaulana017,dan kita juga jangan lupa ini semua juga berkat erspo yang telah mendesain jersey timnas yang sangat dinamis dengan baju erspo ini pemain timnas menjadi tangguh tahan di segala medan lapangan apalagi kalo udah kena angin qatar air ways pemain timnas masih bisa berlari kencang sehingga ketika berlari pemain timnas tidak mengalami turbulensing makanya kita harus berterimakasih kpd erspo erspoofficial,2024/04/26 15:39:12,"[['dan', 'kita', 'juga', 'jangan', 'lupa', 'ini', 'semua', 'juga', 'berkat', 'erspo', 'yang', 'telah', 'mendesain', 'jersey', 'timnas', 'yang', 'sangat', 'dinamis', 'dengan', 'baju', 'erspo', 'ini', 'pemain', 'timnas', 'menjadi', 'tangguh', 'tahan', 'di', 'segala', 'medan', 'lapangan', 'apalagi', 'kalo', 'udah', 'kena', 'angin', 'qatar', 'air', 'ways', 'pemain', 'timnas', 'masih', 'bisa', 'berlari', 'kencang', 'sehingga', 'ketika', 'berlari', 'pemain', 'timnas', 'tidak', 'mengalami', 'turbulensing', 'makanya', 'kita', 'harus', 'berterimakasih', 'kpd', 'erspo', 'erspoofficial']]"
ari_wndn12,semifinal terimakasih ya allah,2024/04/26 15:41:21,"[['semifinal', 'terimakasih', 'ya', 'allah']]"
alhameed__,terima kasihh indonesiaku,2024/04/26 15:41:36,"[['terima', 'kasihh', 'indonesiaku']]"
jamiila.rahim,kelaaasss keren bangeet akhirnya ngerasain punya timnas nangesss kerenn respect timnas dan sty,2024/04/26 15:41:49,"[['kelaaasss', 'keren', 'bangeet', 'akhirnya', 'ngerasain', 'punya', 'timnas', 'nangesss', 'kerenn', 'respect', 'timnas', 'dan', 'sty']]"
m.ridwan24434,semangat terus garuda indonesia,2024/04/26 15:42:53,"[['semangat', 'terus', 'garuda', 'indonesia']]"
yn155_,menyalaaaaa,2024/04/26 15:46:56,[['menyalaaaaa']]
xluntrak_luntrux,xluntrakluntrux kira kira qavar pulangnya sendirisendiri atau rombongan ya,2024/04/26 15:48:49,"[['xluntrakluntrux', 'kira', 'kira', 'qavar', 'pulangnya', 'sendirisendiri', 'atau', 'rombongan', 'ya']]"
rnkirani__,assalamualikum semi final,2024/04/26 15:49:21,"[['assalamualikum', 'semi', 'final']]"
aliyyaaayy_____,waalaikumsalam calon juara,2024/04/26 15:51:10,"[['waalaikumsalam', 'calon', 'juara']]"
sulastri25280,alhamdulillah,2024/04/26 15:07:01,[['alhamdulillah']]
cantkhvrf,proud,2024/04/26 15:08:23,[['proud']]
wafaikmilarizki,asli ngadak2 marules jantung meni carangkeul,2024/04/26 15:10:18,"[['asli', 'ngadak2', 'marules', 'jantung', 'meni', 'carangkeul']]"
ahmdfadllhh_,jhunataletra siapp sama sama,2024/04/26 15:11:30,"[['jhunataletra', 'siapp', 'sama', 'sama']]"
ctrraauliia,menyalah timnas,2024/04/26 15:14:36,"[['menyalah', 'timnas']]"
randiaristandi,sandywalsh mantap,2024/04/26 15:17:31,"[['sandywalsh', 'mantap']]"
randiaristandi,jayidzes,2024/04/26 15:17:47,[['jayidzes']]
balkykrenda,vamossssssss,2024/04/26 15:18:53,[['vamossssssss']]
ailn0214,papashakilcalief boleh tuhhh ntar kan jamaah sholat jumat yg berbahagia,2024/04/26 15:20:39,"[['papashakilcalief', 'boleh', 'tuhhh', 'ntar', 'kan', 'jamaah', 'sholat', 'jumat', 'yg', 'berbahagia']]"
wahyutama061,randiisraa kita coba lagi ya kata wasitnya,2024/04/26 15:21:27,"[['randiisraa', 'kita', 'coba', 'lagi', 'ya', 'kata', 'wasitnya']]"
n.bee78,waalaikumsalam anak anak bangsa mari masuk sini nak tu tiket semi final sudah menunggu di beranda bersama tiket final,2024/04/26 15:21:41,"[['waalaikumsalam', 'anak', 'anak', 'bangsa', 'mari', 'masuk', 'sini', 'nak', 'tu', 'tiket', 'semi', 'final', 'sudah', 'menunggu', 'di', 'beranda', 'bersama', 'tiket', 'final']]"
fa_uzan2127,yang bela nonton tp subuh nya ketinggalan sini ngumpul,2024/04/26 15:23:03,"[['yang', 'bela', 'nonton', 'tp', 'subuh', 'nya', 'ketinggalan', 'sini', 'ngumpul']]"
zskia_karn,im proud guys,2024/04/26 15:23:35,"[['im', 'proud', 'guys']]"
vionamhosie95,ga sabarr,2024/04/26 15:24:54,"[['ga', 'sabarr']]"
sukmawtii_,bangga,2024/04/26 15:25:48,[['bangga']]
papa_shakilcalief,ailn0214 auto kagak ada yg ngantuk walau begadang karena indonesia menang,2024/04/26 15:28:43,"[['ailn0214', 'auto', 'kagak', 'ada', 'yg', 'ngantuk', 'walau', 'begadang', 'karena', 'indonesia', 'menang']]"
nrslimm27,king siap remacth lawan argentina,2024/04/26 15:29:37,"[['king', 'siap', 'remacth', 'lawan', 'argentina']]"
massebitt15,waalaikumsalam,2024/04/26 15:29:45,[['waalaikumsalam']]
daus_moms,waalaikum salam selanjutnya grand finalsaya doakan menang terusaamiin,2024/04/26 15:30:22,"[['waalaikum', 'salam', 'selanjutnya', 'grand', 'finalsaya', 'doakan', 'menang', 'terusaamiin']]"
masnar.16,milaaa1408 otw paris,2024/04/26 15:32:03,"[['milaaa1408', 'otw', 'paris']]"
firmanfirdaus3107,mainin bagas,2024/04/26 15:34:02,"[['mainin', 'bagas']]"
farezftr_,menyala garudakuu,2024/04/26 15:37:42,"[['menyala', 'garudakuu']]"
dedimaulana017,dan kita juga jangan lupa ini semua juga berkat erspo yang telah mendesain jersey timnas yang sangat dinamis dengan baju erspo ini pemain timnas menjadi tangguh tahan di segala medan lapangan apalagi kalo udah kena angin qatar air ways pemain timnas masih bisa berlari kencang sehingga ketika berlari pemain timnas tidak mengalami turbulensing makanya kita harus berterimakasih kpd erspo erspoofficial,2024/04/26 15:39:12,"[['dan', 'kita', 'juga', 'jangan', 'lupa', 'ini', 'semua', 'juga', 'berkat', 'erspo', 'yang', 'telah', 'mendesain', 'jersey', 'timnas', 'yang', 'sangat', 'dinamis', 'dengan', 'baju', 'erspo', 'ini', 'pemain', 'timnas', 'menjadi', 'tangguh', 'tahan', 'di', 'segala', 'medan', 'lapangan', 'apalagi', 'kalo', 'udah', 'kena', 'angin', 'qatar', 'air', 'ways', 'pemain', 'timnas', 'masih', 'bisa', 'berlari', 'kencang', 'sehingga', 'ketika', 'berlari', 'pemain', 'timnas', 'tidak', 'mengalami', 'turbulensing', 'makanya', 'kita', 'harus', 'berterimakasih', 'kpd', 'erspo', 'erspoofficial']]"
ari_wndn12,semifinal terimakasih ya allah,2024/04/26 15:41:21,"[['semifinal', 'terimakasih', 'ya', 'allah']]"
alhameed__,terima kasihh indonesiaku,2024/04/26 15:41:36,"[['terima', 'kasihh', 'indonesiaku']]"
jamiila.rahim,kelaaasss keren bangeet akhirnya ngerasain punya timnas nangesss kerenn respect timnas dan sty,2024/04/26 15:41:49,"[['kelaaasss', 'keren', 'bangeet', 'akhirnya', 'ngerasain', 'punya', 'timnas', 'nangesss', 'kerenn', 'respect', 'timnas', 'dan', 'sty']]"
m.ridwan24434,semangat terus garuda indonesia,2024/04/26 15:42:53,"[['semangat', 'terus', 'garuda', 'indonesia']]"
yn155_,menyalaaaaa,2024/04/26 15:46:56,[['menyalaaaaa']]
xluntrak_luntrux,xluntrakluntrux kira kira qavar pulangnya sendirisendiri atau rombongan ya,2024/04/26 15:48:49,"[['xluntrakluntrux', 'kira', 'kira', 'qavar', 'pulangnya', 'sendirisendiri', 'atau', 'rombongan', 'ya']]"
rnkirani__,assalamualikum semi final,2024/04/26 15:49:21,"[['assalamualikum', 'semi', 'final']]"
aliyyaaayy_____,waalaikumsalam calon juara,2024/04/26 15:51:10,"[['waalaikumsalam', 'calon', 'juara']]"
is_blueandwhite,kamu harus tetap cinta indonesia ya fano,2024/04/26 14:29:54,"[['kamu', 'harus', 'tetap', 'cinta', 'indonesia', 'ya', 'fano']]"
rudy.duncan_,bangga,2024/04/26 14:30:57,[['bangga']]
coktadillah,mrobyfcb20 pasti tadi sholat jumat nya full senyum,2024/04/26 14:31:08,"[['mrobyfcb20', 'pasti', 'tadi', 'sholat', 'jumat', 'nya', 'full', 'senyum']]"
bayou_323,gasssssbismillah,2024/04/26 14:31:50,[['gasssssbismillah']]
saldo123.official,terbaik,2024/04/26 14:32:16,[['terbaik']]
_fahrimajid,bangga,2024/04/26 14:33:31,[['bangga']]
erik_rahel_29,menyala para adindaku timnasindonesia,2024/04/26 14:33:45,"[['menyala', 'para', 'adindaku', 'timnasindonesia']]"
nadirataghsya,cintaaaa bangett pokonya,2024/04/26 14:33:57,"[['cintaaaa', 'bangett', 'pokonya']]"
pasaribuharsyat_67,semangat senior,2024/04/26 14:36:08,"[['semangat', 'senior']]"
jodimadridista,fianharun saya tau maksud anda,2024/04/26 14:36:26,"[['fianharun', 'saya', 'tau', 'maksud', 'anda']]"
serdadusolo,sananta,2024/04/26 14:36:55,[['sananta']]
deloww13,kelassss,2024/04/26 14:37:01,[['kelassss']]
syifaaaulia._,nazwaprasasty,2024/04/26 14:37:04,[['nazwaprasasty']]
fatwaxdh,panglimagaib mental tempe akun bodong sok ngatain pemain timnas,2024/04/26 14:40:56,"[['panglimagaib', 'mental', 'tempe', 'akun', 'bodong', 'sok', 'ngatain', 'pemain', 'timnas']]"
junn.inst,bimasatyah apaan sob,2024/04/26 14:43:11,"[['bimasatyah', 'apaan', 'sob']]"
abcdeninggg______,sandywalsh,2024/04/26 14:43:41,[['sandywalsh']]
pang.limagaib,fatwaxdh ngatain apasaya ngasi pendapatjadikan motivasi plajaranintinya kau mau apa baru kita berdua lanjut kalo memang mental saya tempe apa tidak,2024/04/26 14:43:52,"[['fatwaxdh', 'ngatain', 'apasaya', 'ngasi', 'pendapatjadikan', 'motivasi', 'plajaranintinya', 'kau', 'mau', 'apa', 'baru', 'kita', 'berdua', 'lanjut', 'kalo', 'memang', 'mental', 'saya', 'tempe', 'apa', 'tidak']]"
gumi_idol,marcklok,2024/04/26 14:43:53,[['marcklok']]
pang.limagaib,fatwaxdh kau jawabkarena omongan kau gak nyambung serta menandakan kau mntal tempe,2024/04/26 14:44:35,"[['fatwaxdh', 'kau', 'jawabkarena', 'omongan', 'kau', 'gak', 'nyambung', 'serta', 'menandakan', 'kau', 'mntal', 'tempe']]"
nadiyyaainiii,congrast,2024/04/26 14:45:40,[['congrast']]
oprilta46,coach sty timnas indonesia glorygaruda warrior,2024/04/26 14:47:35,"[['coach', 'sty', 'timnas', 'indonesia', 'glorygaruda', 'warrior']]"
nelis_kerman,rizqyramadhan seblak rong ewu mangatus ya,2024/04/26 14:50:13,"[['rizqyramadhan', 'seblak', 'rong', 'ewu', 'mangatus', 'ya']]"
artawannigede,sejarah prtama kali garuda u23 bisa lolos semifinal mngalahkan korsel lewat drama adu penalti 11 10 2 2dan sudah di raih tiket olimpiade paris 2024 info komentator bung ahay lolos olimpiade paris babak play melawan swedia tgl 9 mei ini fokus dulu optimis bisa ke final dan champion asian cup u23 bravo garuda nusantara u23 dan saran mohon maaf pak erick thohir yg terhormat bagaimana kalau di buatkan patung coach shintaeyong 7777 yg sudah buat beberapa kali sejarah perubahan perkembangan pesat timnas garuda junior maupun senior dalam ajang turnamen asian cup ini,2024/04/26 14:51:54,"[['sejarah', 'prtama', 'kali', 'garuda', 'u23', 'bisa', 'lolos', 'semifinal', 'mngalahkan', 'korsel', 'lewat', 'drama', 'adu', 'penalti', '11', '10', '2', '2dan', 'sudah', 'di', 'raih', 'tiket', 'olimpiade', 'paris', '2024', 'info', 'komentator', 'bung', 'ahay', 'lolos', 'olimpiade', 'paris', 'babak', 'play', 'melawan', 'swedia', 'tgl', '9', 'mei', 'ini', 'fokus', 'dulu', 'optimis', 'bisa', 'ke', 'final', 'dan', 'champion', 'asian', 'cup', 'u23', 'bravo', 'garuda', 'nusantara', 'u23', 'dan', 'saran', 'mohon', 'maaf', 'pak', 'erick', 'thohir', 'yg', 'terhormat', 'bagaimana', 'kalau', 'di', 'buatkan', 'patung', 'coach', 'shintaeyong', '7777', 'yg', 'sudah', 'buat', 'beberapa', 'kali', 'sejarah', 'perubahan', 'perkembangan', 'pesat', 'timnas', 'garuda', 'junior', 'maupun', 'senior', 'dalam', 'ajang', 'turnamen', 'asian', 'cup', 'ini']]"
ohankbulsshit69,menyala abangku legends,2024/04/26 14:52:25,"[['menyala', 'abangku', 'legends']]"
gungg_70,berkelaaazz,2024/04/26 14:52:27,[['berkelaaazz']]
_taufiqmlnaaa,fatihwahyu07 benerrr rrrrraaaawwwrrr,2024/04/26 14:52:37,"[['fatihwahyu07', 'benerrr', 'rrrrraaaawwwrrr']]"
ninings_96,mpongmei,2024/04/26 14:53:15,[['mpongmei']]
ninings_96,mpongmei,2024/04/26 14:53:31,[['mpongmei']]
ryantosilitongah,terbang tinggi garudaku,2024/04/26 14:55:23,"[['terbang', 'tinggi', 'garudaku']]"
rian_permana93,yang yakin tombol juara,2024/04/26 14:55:57,"[['yang', 'yakin', 'tombol', 'juara']]"
bagis_22,martjnus sudah lupa jalan pulang mas king indo terbang terlalu tinggi ini,2024/04/26 14:57:50,"[['martjnus', 'sudah', 'lupa', 'jalan', 'pulang', 'mas', 'king', 'indo', 'terbang', 'terlalu', 'tinggi', 'ini']]"
jonathan3rangga,giant killer,2024/04/26 14:58:08,"[['giant', 'killer']]"
haulinsyah,jayidzes bang jay,2024/04/26 14:59:50,"[['jayidzes', 'bang', 'jay']]"
haulinsyah,pemain kebanggaan di liga 1,2024/04/26 15:00:23,"[['pemain', 'kebanggaan', 'di', 'liga', '1']]"
iikiii_____,f,2024/04/26 15:00:44,[['f']]
fatmawatiwahyumulyo,shinjaewon77 thanks support,2024/04/26 15:02:23,"[['shinjaewon77', 'thanks', 'support']]"
iikiii_____,nvvnn,2024/04/26 15:03:14,[['nvvnn']]
iikiii_____,x,2024/04/26 15:03:16,[['x']]
alfrqan._,si towel menghilang dari line,2024/04/26 15:03:24,"[['si', 'towel', 'menghilang', 'dari', 'line']]"
iikiii_____,nlg b,2024/04/26 15:03:41,"[['nlg', 'b']]"
ivangunara,salute bro,2024/04/26 15:03:45,"[['salute', 'bro']]"
squerpanttss,panas tiris pkonamah,2024/04/26 15:04:21,"[['panas', 'tiris', 'pkonamah']]"
papa_shakilcalief,ailn0214 kayaknya ntar kita request main malam jumat aja trus ya,2024/04/26 15:05:44,"[['ailn0214', 'kayaknya', 'ntar', 'kita', 'request', 'main', 'malam', 'jumat', 'aja', 'trus', 'ya']]"
giovara_11,proud,2024/04/26 14:06:01,[['proud']]
egon_lantoedboy,jayidzes bang jay,2024/04/26 14:06:04,"[['jayidzes', 'bang', 'jay']]"
j.siwaseko,anakultramengaya coba sebutkan sejarah nya,2024/04/26 14:06:19,"[['anakultramengaya', 'coba', 'sebutkan', 'sejarah', 'nya']]"
ahmad_khoirull_,hari libur nasional pakkk pssi erickthohir timnasindonesia,2024/04/26 14:06:33,"[['hari', 'libur', 'nasional', 'pakkk', 'pssi', 'erickthohir', 'timnasindonesia']]"
shanimarlia,bangga garudaku,2024/04/26 14:06:47,"[['bangga', 'garudaku']]"
priyowidodoe,sandywalsh nyalain sendiri abangku,2024/04/26 14:06:52,"[['sandywalsh', 'nyalain', 'sendiri', 'abangku']]"
sulthanaimanpras,gacor kawal terus sampai olimpiade paris 2024,2024/04/26 14:07:22,"[['gacor', 'kawal', 'terus', 'sampai', 'olimpiade', 'paris', '2024']]"
pang.limagaib,arkhan fikri mksd saya mntl tmpe,2024/04/26 14:08:16,"[['arkhan', 'fikri', 'mksd', 'saya', 'mntl', 'tmpe']]"
aiherlina345,proud,2024/04/26 14:08:20,[['proud']]
rndi_vl,bbitchess6 panas dingin mbak,2024/04/26 14:10:14,"[['bbitchess6', 'panas', 'dingin', 'mbak']]"
whyslhtn,terbaik lah seng kuu,2024/04/26 14:10:59,"[['terbaik', 'lah', 'seng', 'kuu']]"
sumini_tj,bicarapede menyalaa timnas,2024/04/26 14:11:10,"[['bicarapede', 'menyalaa', 'timnas']]"
boby_rsp,waalaikumsalam bismillah final,2024/04/26 14:11:17,"[['waalaikumsalam', 'bismillah', 'final']]"
pang.limagaib,fatwaxdh ini akun saya khusus untuk timnasjadi kamu mau apa,2024/04/26 14:11:25,"[['fatwaxdh', 'ini', 'akun', 'saya', 'khusus', 'untuk', 'timnasjadi', 'kamu', 'mau', 'apa']]"
pang.limagaib,adesaanjaya benar bang langsung dmsaya siap,2024/04/26 14:12:18,"[['adesaanjaya', 'benar', 'bang', 'langsung', 'dmsaya', 'siap']]"
ahmadauliaruhiyat02,waalaikumsalam juaraa insya allah,2024/04/26 14:13:09,"[['waalaikumsalam', 'juaraa', 'insya', 'allah']]"
rrrrhmmmmm,walaikumsalam masyaallah timnas alhamdulillah,2024/04/26 14:13:21,"[['walaikumsalam', 'masyaallah', 'timnas', 'alhamdulillah']]"
sanzzt,satu langkah lagi olimpiade paris,2024/04/26 14:13:27,"[['satu', 'langkah', 'lagi', 'olimpiade', 'paris']]"
leonelelmadun,kami bangga,2024/04/26 14:13:46,"[['kami', 'bangga']]"
riezalyrahman,paijotukimin setruk jo,2024/04/26 14:15:15,"[['paijotukimin', 'setruk', 'jo']]"
rhstu14_,n4,2024/04/26 14:17:55,[['n4']]
rhstu14_,5,2024/04/26 14:18:03,[['5']]
fatwaxdh,panglimagaib mental tempe,2024/04/26 14:18:15,"[['panglimagaib', 'mental', 'tempe']]"
bbmntr,myusuf16s sepeleeeeeeeee,2024/04/26 14:18:31,"[['myusuf16s', 'sepeleeeeeeeee']]"
varsha.sdk,seru bangettt,2024/04/26 14:19:45,"[['seru', 'bangettt']]"
kimchici23,aeeeellll,2024/04/26 14:19:45,[['aeeeellll']]
__ilaaaaa22,good rafaelstruick,2024/04/26 14:22:54,"[['good', 'rafaelstruick']]"
sigitjakti,christiiant,2024/04/26 14:24:57,[['christiiant']]
wildanf31,jsiwaseko masuk piala asia senior dan pertama kali masuk 16 besar kwkw lu baru nonton kah,2024/04/26 14:25:46,"[['jsiwaseko', 'masuk', 'piala', 'asia', 'senior', 'dan', 'pertama', 'kali', 'masuk', '16', 'besar', 'kwkw', 'lu', 'baru', 'nonton', 'kah']]"
reniirahmaa_,jumat berkahh,2024/04/26 14:26:11,"[['jumat', 'berkahh']]"
nasriltagali,waalaikumsalam garuda,2024/04/26 14:26:15,"[['waalaikumsalam', 'garuda']]"
andimufida4,andrsdianaa heh kalo sdah pnya iqbaale tausah slingkuh,2024/04/26 14:26:21,"[['andrsdianaa', 'heh', 'kalo', 'sdah', 'pnya', 'iqbaale', 'tausah', 'slingkuh']]"
pang.limagaib,fatwaxdh gak nyambung kau cilsaya tanya kau mau apa,2024/04/26 14:26:30,"[['fatwaxdh', 'gak', 'nyambung', 'kau', 'cilsaya', 'tanya', 'kau', 'mau', 'apa']]"
ghufronahmaddd,menyalaaaaa,2024/04/26 14:27:28,[['menyalaaaaa']]
football_indonesia012,goodluck,2024/04/26 14:28:07,[['goodluck']]
trinovie_03,alhamdulillah ya allah,2024/04/26 14:29:04,"[['alhamdulillah', 'ya', 'allah']]"
jarrs.24,menyala,2024/04/26 13:37:11,[['menyala']]
ikystywn_,muannnnnntep budakssss,2024/04/26 13:37:18,"[['muannnnnntep', 'budakssss']]"
hannnnn_099,alhamdulillah nggak sia nobar sampai jelang subuh rela perjalanan jauh puluhan km merinding lemes bangga,2024/04/26 13:38:45,"[['alhamdulillah', 'nggak', 'sia', 'nobar', 'sampai', 'jelang', 'subuh', 'rela', 'perjalanan', 'jauh', 'puluhan', 'km', 'merinding', 'lemes', 'bangga']]"
aku___fahmi___,waalaikumsalam sidang jumat yang berbahagia,2024/04/26 13:38:46,"[['waalaikumsalam', 'sidang', 'jumat', 'yang', 'berbahagia']]"
alifianfauzie,otw olimpiade,2024/04/26 13:40:57,"[['otw', 'olimpiade']]"
jrtfy_,udah cocok buat abroad sih ermando arif,2024/04/26 13:44:00,"[['udah', 'cocok', 'buat', 'abroad', 'sih', 'ermando', 'arif']]"
yoikii_hudaa,menyala indonesiaku,2024/04/26 13:44:34,"[['menyala', 'indonesiaku']]"
evaluasiii_,waaaaaaaaaaaaaaaaaaaaaaaa aiiyyy vitaalokaaa04,2024/04/26 13:45:16,"[['waaaaaaaaaaaaaaaaaaaaaaaa', 'aiiyyy', 'vitaalokaaa04']]"
muhammadfaizal_4,olimpiade paris timnas indo datang suruh panitia mendownlod mp3 lagu kebangsaan indonesia raya dulu pran2008 budimaaannn findtn,2024/04/26 13:46:18,"[['olimpiade', 'paris', 'timnas', 'indo', 'datang', 'suruh', 'panitia', 'mendownlod', 'mp3', 'lagu', 'kebangsaan', 'indonesia', 'raya', 'dulu', 'pran2008', 'budimaaannn', 'findtn']]"
babangdany16,ditunggu libur nasional min,2024/04/26 13:46:30,"[['ditunggu', 'libur', 'nasional', 'min']]"
rafianto_rafi,rararara5444 aku gak sok tau malahan timnas indonesia u23 bakalan gak lolos ke final dan tidak pernah juara piala asia u23,2024/04/26 13:47:15,"[['rararara5444', 'aku', 'gak', 'sok', 'tau', 'malahan', 'timnas', 'indonesia', 'u23', 'bakalan', 'gak', 'lolos', 'ke', 'final', 'dan', 'tidak', 'pernah', 'juara', 'piala', 'asia', 'u23']]"
yoikii_hudaa,marcklok vamos,2024/04/26 13:47:52,"[['marcklok', 'vamos']]"
airlanggaahs,terbang lah tinggi garuda thanks coach shintaeyong7777 semua pemain staff pak erick tohir dan jajarannya,2024/04/26 13:47:58,"[['terbang', 'lah', 'tinggi', 'garuda', 'thanks', 'coach', 'shintaeyong7777', 'semua', 'pemain', 'staff', 'pak', 'erick', 'tohir', 'dan', 'jajarannya']]"
adesetiawan12,rizkiherypurnomo mantaaab,2024/04/26 13:48:10,"[['rizkiherypurnomo', 'mantaaab']]"
wildanf31,jsiwaseko lu pikir baju corak hijau ga ada sejarahnya wkkw baru nonton kau atau bagaimana,2024/04/26 13:48:22,"[['jsiwaseko', 'lu', 'pikir', 'baju', 'corak', 'hijau', 'ga', 'ada', 'sejarahnya', 'wkkw', 'baru', 'nonton', 'kau', 'atau', 'bagaimana']]"
mgsamudra_17,nuragisnaa mental ya gis ya menyala giswkwk,2024/04/26 13:49:17,"[['nuragisnaa', 'mental', 'ya', 'gis', 'ya', 'menyala', 'giswkwk']]"
melaninepa,berasa kaya nonton piala dunia,2024/04/26 13:51:17,"[['berasa', 'kaya', 'nonton', 'piala', 'dunia']]"
whoswidii,mantapppppppp,2024/04/26 13:52:16,[['mantapppppppp']]
adi_sunandar8191,mantap garudaku,2024/04/26 13:52:48,"[['mantap', 'garudaku']]"
amaik_chan,kiraiin 2x45 menit sudah selesai dg kemenangan indo 2 1 korsel eh malah lanjut sampai adu pinalty harus banget ya drama di kdrama dan azab indonesiar itu dibawa ke sepakbola mana gw masih kerja paginya untung menang kalau gak sia sia kurberjuang,2024/04/26 13:52:49,"[['kiraiin', '2x45', 'menit', 'sudah', 'selesai', 'dg', 'kemenangan', 'indo', '2', '1', 'korsel', 'eh', 'malah', 'lanjut', 'sampai', 'adu', 'pinalty', 'harus', 'banget', 'ya', 'drama', 'di', 'kdrama', 'dan', 'azab', 'indonesiar', 'itu', 'dibawa', 'ke', 'sepakbola', 'mana', 'gw', 'masih', 'kerja', 'paginya', 'untung', 'menang', 'kalau', 'gak', 'sia', 'sia', 'kurberjuang']]"
yokoscoobydo,theobinbreetd mek mataem kowe,2024/04/26 13:52:52,"[['theobinbreetd', 'mek', 'mataem', 'kowe']]"
im.windiii,gacor,2024/04/26 13:53:04,[['gacor']]
dagangan_thrift,lets gow garuda,2024/04/26 13:53:31,"[['lets', 'gow', 'garuda']]"
adi_sunandar8191,bisa ga sih klo ada ada acara towel ada sesi tanya jawab dengan netizen,2024/04/26 13:54:15,"[['bisa', 'ga', 'sih', 'klo', 'ada', 'ada', 'acara', 'towel', 'ada', 'sesi', 'tanya', 'jawab', 'dengan', 'netizen']]"
_allthingsfooty,jumat berkah,2024/04/26 13:54:42,"[['jumat', 'berkah']]"
egarrbbni_,gagah,2024/04/26 13:57:51,[['gagah']]
thamrin1721,go parissss,2024/04/26 13:59:16,"[['go', 'parissss']]"
fa_alfath03,mentalnyaaaaa,2024/04/26 13:59:38,[['mentalnyaaaaa']]
arcadyafiorentinadm,waalaiksumsalam selamat,2024/04/26 14:00:56,"[['waalaiksumsalam', 'selamat']]"
khongx96,legend,2024/04/26 14:03:07,[['legend']]
amanahchyniidr,menyalaaaaa,2024/04/26 14:03:44,[['menyalaaaaa']]
hi__k011,apa itu finishing wkwkw,2024/04/26 14:04:19,"[['apa', 'itu', 'finishing', 'wkwkw']]"
faidlft_,menyala timnaskuuu,2024/04/26 14:04:40,"[['menyala', 'timnaskuuu']]"
clarasti.novii,sandywalsh,2024/04/26 14:04:50,[['sandywalsh']]
tubagus_aj,gilaaaaaaaaa,2024/04/26 14:05:14,[['gilaaaaaaaaa']]
effendyahmd_,bbitchess6 kenapa ga manual aja mbak ambil air trus cipratin ke mata pake tangan sendiri gitu kan,2024/04/26 14:05:15,"[['bbitchess6', 'kenapa', 'ga', 'manual', 'aja', 'mbak', 'ambil', 'air', 'trus', 'cipratin', 'ke', 'mata', 'pake', 'tangan', 'sendiri', 'gitu', 'kan']]"
cantikakenzie_,proud youuuu garudakuuuu,2024/04/26 14:05:40,"[['proud', 'youuuu', 'garudakuuuu']]"
